Agent_ID,Is_Alive,Trade_Count,Attack_Count,Ignore_Count,Num_Movements
1,True,0,0,0,3
2,True,0,0,0,1
3,True,0,0,0,1
4,True,0,0,0,1
5,True,0,0,0,1
6,True,0,0,0,1
7,True,0,0,0,1
8,True,0,0,0,0
9,True,0,0,0,2
10,True,0,0,0,1
11,True,0,0,0,0
12,True,0,0,0,1
13,True,0,0,0,2
14,True,0,0,0,0
15,True,0,0,0,1
16,True,0,0,0,2
17,True,0,0,0,1
18,True,0,0,0,1
19,True,0,0,0,2
20,True,0,0,0,1
21,True,0,0,0,2
22,True,0,0,0,1
23,True,0,0,0,1
24,True,0,0,0,0
25,True,0,0,0,1
26,True,0,0,0,1
27,True,0,0,0,1
28,True,0,0,0,2
29,True,0,0,0,0
30,True,0,0,0,1
31,True,0,0,0,1
32,True,0,0,0,0
33,True,0,0,0,0
34,True,0,0,0,0
35,True,0,0,0,2
36,True,0,0,0,1
37,True,0,0,0,1
38,True,0,0,0,2
39,True,0,0,0,0
40,True,0,0,0,1
41,True,0,0,0,0
42,True,0,0,0,1
43,True,0,0,0,0
44,True,0,0,0,0
45,True,0,0,0,2
46,True,0,0,0,0
47,True,0,0,0,2
48,True,0,0,0,1
49,True,0,0,0,1
50,True,0,0,0,1
51,True,0,0,0,1
52,True,0,0,0,1
53,True,0,0,0,1
54,True,0,0,0,1
55,True,0,0,0,1
56,True,0,0,0,1
57,True,0,0,0,1
58,True,0,0,0,1
59,True,0,0,0,0
60,True,0,0,0,0
61,True,0,0,0,2
62,True,0,0,0,2
63,True,0,0,0,1
64,True,0,0,0,1
65,True,0,0,0,2
66,True,0,0,0,2
67,True,0,0,0,1
68,True,0,0,0,1
69,True,0,0,0,0
70,True,0,0,0,0
71,True,0,0,0,1
72,True,0,0,0,2
73,True,0,0,0,0
74,True,0,0,0,0
75,True,0,0,0,0
76,True,0,0,0,0
77,True,0,0,0,2
78,True,0,0,0,1
79,True,0,0,0,0
80,True,0,0,0,0
81,True,0,0,0,1
82,True,0,0,0,1
83,True,0,0,0,2
84,True,0,0,0,1
85,True,0,0,0,1
86,True,0,0,0,1
87,True,0,0,0,1
88,True,0,0,0,2
89,True,0,0,0,1
90,True,0,0,0,1
91,True,0,0,0,1
92,True,0,0,0,0
93,True,0,0,0,1
94,True,0,0,0,2
95,True,0,0,0,2
96,True,0,0,0,1
97,True,0,0,0,2
98,True,0,0,0,0
99,True,0,0,0,0
100,True,0,0,0,0
101,True,0,0,0,1
102,True,0,0,0,1
103,True,0,0,0,2
104,True,0,0,0,0
105,True,0,0,0,1
106,True,0,0,0,2
107,True,0,0,0,0
108,True,0,0,0,2
109,True,0,0,0,1
110,True,0,0,0,2
111,True,0,0,0,1
112,True,0,0,0,1
113,True,0,0,0,1
114,True,0,0,0,2
115,True,0,0,0,0
116,True,0,0,0,0
117,True,0,0,0,0
118,True,0,0,0,1
119,True,0,0,0,0
120,True,0,0,0,0
121,True,0,0,0,1
122,True,0,0,0,0
123,True,0,0,0,0
124,True,0,0,0,1
125,True,0,0,0,2
126,True,0,0,0,0
127,True,0,0,0,0
128,True,0,0,0,0
129,True,0,0,0,0
130,True,0,0,0,0
131,True,0,0,0,2
132,True,0,0,0,2
133,True,0,0,0,0
134,True,0,0,0,1
135,True,0,0,0,2
136,True,0,0,0,0
137,True,0,0,0,1
138,True,0,0,0,1
139,True,0,0,0,1
140,True,0,0,0,1
141,True,0,0,0,1
142,True,0,0,0,0
143,True,0,0,0,1
144,True,0,0,0,0
145,True,0,0,0,1
146,True,0,0,0,1
147,True,0,0,0,2
148,True,0,0,0,1
149,True,0,0,0,2
150,True,0,0,0,1
151,True,0,0,0,1
152,True,0,0,0,1
153,True,0,0,0,1
154,True,0,0,0,1
155,True,0,0,0,2
156,True,0,0,0,1
157,True,0,0,0,0
158,True,0,0,0,1
159,True,0,0,0,1
160,True,0,0,0,0
161,True,0,0,0,1
162,True,0,0,0,2
163,True,0,0,0,1
164,True,0,0,0,2
165,True,0,0,0,1
166,True,0,0,0,0
167,True,0,0,0,0
168,True,0,0,0,1
169,True,0,0,0,0
170,True,0,0,0,0
171,True,0,0,0,2
172,True,0,0,0,0
173,True,0,0,0,1
174,True,0,0,0,0
175,True,0,0,0,1
176,True,0,0,0,2
177,True,0,0,0,1
178,True,0,0,0,1
179,True,0,0,0,2
180,True,0,0,0,1
181,True,0,0,0,1
182,True,0,0,0,1
183,True,0,0,0,1
184,True,0,0,0,2
185,True,0,0,0,1
186,True,0,0,0,2
187,True,0,0,0,1
188,True,0,0,0,1
189,True,0,0,0,2
190,True,0,0,0,0
191,True,0,0,0,1
192,True,0,0,0,0
193,True,0,0,0,1
194,True,0,0,0,1
195,True,0,0,0,2
196,True,0,0,0,1
197,True,0,0,0,1
198,True,0,0,0,1
199,True,0,0,0,0
200,True,0,0,0,0
201,True,0,0,0,1
202,True,0,0,0,2
203,True,0,0,0,1
204,True,0,0,0,1
205,True,0,0,0,1
206,True,0,0,0,0
207,True,0,0,0,1
208,True,0,0,0,2
209,True,0,0,0,0
210,True,0,0,0,0
211,True,0,0,0,0
212,True,0,0,0,1
213,True,0,0,0,1
214,True,0,0,0,1
215,True,0,0,0,1
216,True,0,0,0,0
217,True,0,0,0,1
218,True,0,0,0,1
219,True,0,0,0,2
220,True,0,0,0,0
221,True,0,0,0,1
222,True,0,0,0,1
223,True,0,0,0,2
224,True,0,0,0,1
225,True,0,0,0,2
226,True,0,0,0,2
227,True,0,0,0,0
228,True,0,0,0,1
229,True,0,0,0,1
230,True,0,0,0,0
231,True,0,0,0,0
232,True,0,0,0,2
233,True,0,0,0,1
234,True,0,0,0,0
235,True,0,0,0,0
236,True,0,0,0,2
237,True,0,0,0,1
238,True,0,0,0,2
239,True,0,0,0,1
240,True,0,0,0,2
241,True,0,0,0,0
242,True,0,0,0,1
243,True,0,0,0,1
244,True,0,0,0,1
245,True,0,0,0,1
246,True,0,0,0,2
247,True,0,0,0,0
248,True,0,0,0,1
249,True,0,0,0,2
250,True,0,0,0,1
251,True,0,0,0,0
252,True,0,0,0,1
253,True,0,0,0,2
254,True,0,0,0,2
255,True,0,0,0,0
256,True,0,0,0,2
257,True,0,0,0,2
258,True,0,0,0,0
259,True,0,0,0,1
260,True,0,0,0,2
261,True,0,0,0,2
262,True,0,0,0,2
263,True,0,0,0,2
264,True,0,0,0,2
265,True,0,0,0,1
266,True,0,0,0,2
267,True,0,0,0,2
268,True,0,0,0,1
269,True,0,0,0,1
270,True,0,0,0,2
271,True,0,0,0,0
272,True,0,0,0,0
273,True,0,0,0,2
274,True,0,0,0,0
275,True,0,0,0,2
276,True,0,0,0,2
277,True,0,0,0,0
278,True,0,0,0,0
279,True,0,0,0,1
280,True,0,0,0,1
281,True,0,0,0,1
282,True,0,0,0,0
283,True,0,0,0,1
284,True,0,0,0,2
285,True,0,0,0,1
286,True,0,0,0,2
287,True,0,0,0,0
288,True,0,0,0,2
289,True,0,0,0,1
290,True,0,0,0,1
291,True,0,0,0,2
292,True,0,0,0,1
293,True,0,0,0,0
294,True,0,0,0,0
295,True,0,0,0,0
296,True,0,0,0,2
297,True,0,0,0,0
298,True,0,0,0,1
299,True,0,0,0,2
300,True,0,0,0,0
301,True,0,0,0,1
302,True,0,0,0,1
303,True,0,0,0,0
304,True,0,0,0,0
305,True,0,0,0,0
306,True,0,0,0,1
307,True,0,0,0,2
308,True,0,0,0,2
309,True,0,0,0,1
310,True,0,0,0,1
311,True,0,0,0,2
312,True,0,0,0,1
313,True,0,0,0,2
314,True,0,0,0,1
315,True,0,0,0,1
316,True,0,0,0,0
317,True,0,0,0,1
318,True,0,0,0,1
319,True,0,0,0,0
320,True,0,0,0,1
321,True,0,0,0,1
322,True,0,0,0,1
323,True,0,0,0,2
324,True,0,0,0,1
325,True,0,0,0,1
326,True,0,0,0,0
327,True,0,0,0,0
328,True,0,0,0,2
329,True,0,0,0,2
330,True,0,0,0,2
331,True,0,0,0,2
332,True,0,0,0,0
333,True,0,0,0,0
334,True,0,0,0,2
335,True,0,0,0,1
336,True,0,0,0,1
337,True,0,0,0,1
338,True,0,0,0,1
339,True,0,0,0,2
340,True,0,0,0,0
341,True,0,0,0,1
342,True,0,0,0,0
343,True,0,0,0,1
344,True,0,0,0,0
345,True,0,0,0,1
346,True,0,0,0,2
347,True,0,0,0,2
348,True,0,0,0,1
349,True,0,0,0,0
350,True,0,0,0,2
351,True,0,0,0,1
352,True,0,0,0,1
353,True,0,0,0,1
354,True,0,0,0,1
355,True,0,0,0,1
356,True,0,0,0,0
357,True,0,0,0,1
358,True,0,0,0,2
359,True,0,0,0,1
360,True,0,0,0,2
361,True,0,0,0,0
362,True,0,0,0,1
363,True,0,0,0,2
364,True,0,0,0,0
365,True,0,0,0,1
366,True,0,0,0,1
367,True,0,0,0,2
368,True,0,0,0,0
369,True,0,0,0,0
370,True,0,0,0,1
371,True,0,0,0,0
372,True,0,0,0,1
373,True,0,0,0,2
374,True,0,0,0,2
375,True,0,0,0,2
376,True,0,0,0,1
377,True,0,0,0,0
378,True,0,0,0,1
379,True,0,0,0,0
380,True,0,0,0,2
381,True,0,0,0,2
382,True,0,0,0,1
383,True,0,0,0,1
384,True,0,0,0,2
385,True,0,0,0,2
386,True,0,0,0,0
387,True,0,0,0,0
388,True,0,0,0,0
389,True,0,0,0,2
390,True,0,0,0,2
391,True,0,0,0,0
392,True,0,0,0,1
393,True,0,0,0,1
394,True,0,0,0,1
395,True,0,0,0,2
396,True,0,0,0,0
397,True,0,0,0,0
398,True,0,0,0,2
399,True,0,0,0,1
400,True,0,0,0,1
401,True,0,0,0,2
402,True,0,0,0,1
403,True,0,0,0,1
404,True,0,0,0,1
405,True,0,0,0,2
406,True,0,0,0,1
407,True,0,0,0,2
408,True,0,0,0,2
409,True,0,0,0,1
410,True,0,0,0,1
411,True,0,0,0,1
412,True,0,0,0,0
413,True,0,0,0,0
414,True,0,0,0,2
415,True,0,0,0,1
416,True,0,0,0,2
417,True,0,0,0,1
418,True,0,0,0,0
419,True,0,0,0,0
420,True,0,0,0,1
421,True,0,0,0,1
422,True,0,0,0,1
423,True,0,0,0,0
424,True,0,0,0,0
425,True,0,0,0,2
426,True,0,0,0,2
427,True,0,0,0,1
428,True,0,0,0,1
429,True,0,0,0,1
430,True,0,0,0,1
431,True,0,0,0,1
432,True,0,0,0,2
433,True,0,0,0,1
434,True,0,0,0,1
435,True,0,0,0,1
436,True,0,0,0,1
437,True,0,0,0,2
438,True,0,0,0,0
439,True,0,0,0,2
440,True,0,0,0,2
441,True,0,0,0,2
442,True,0,0,0,0
443,True,0,0,0,0
444,True,0,0,0,1
445,True,0,0,0,2
446,True,0,0,0,1
447,True,0,0,0,2
448,True,0,0,0,1
449,True,0,0,0,2
450,True,0,0,0,0
451,True,0,0,0,0
452,True,0,0,0,2
453,True,0,0,0,2
454,True,0,0,0,0
455,True,0,0,0,1
456,True,0,0,0,1
457,True,0,0,0,0
458,True,0,0,0,0
459,True,0,0,0,0
460,True,0,0,0,1
461,True,0,0,0,1
462,True,0,0,0,2
463,True,0,0,0,1
464,True,0,0,0,1
465,True,0,0,0,1
466,True,0,0,0,2
467,True,0,0,0,1
468,True,0,0,0,0
469,True,0,0,0,1
470,True,0,0,0,0
471,True,0,0,0,1
472,True,0,0,0,1
473,True,0,0,0,1
474,True,0,0,0,1
475,True,0,0,0,0
476,True,0,0,0,1
477,True,0,0,0,2
478,True,0,0,0,2
479,True,0,0,0,1
480,True,0,0,0,0
481,True,0,0,0,2
482,True,0,0,0,2
483,True,0,0,0,1
484,True,0,0,0,1
485,True,0,0,0,1
486,True,0,0,0,1
487,True,0,0,0,1
488,True,0,0,0,0
489,True,0,0,0,2
490,True,0,0,0,2
491,True,0,0,0,1
492,True,0,0,0,1
493,True,0,0,0,0
494,True,0,0,0,0
495,True,0,0,0,1
496,True,0,0,0,0
497,True,0,0,0,2
498,True,0,0,0,1
499,True,0,0,0,1
500,True,0,0,0,1
501,True,0,0,0,1
502,True,0,0,0,1
503,True,0,0,0,1
504,True,0,0,0,0
505,True,0,0,0,1
506,True,0,0,0,1
507,True,0,0,0,2
508,True,0,0,0,1
509,True,0,0,0,2
510,True,0,0,0,2
511,True,0,0,0,1
512,True,0,0,0,2
513,True,0,0,0,1
514,True,0,0,0,1
515,True,0,0,0,0
516,True,0,0,0,0
517,True,0,0,0,1
518,True,0,0,0,0
519,True,0,0,0,2
520,True,0,0,0,0
521,True,0,0,0,2
522,True,0,0,0,1
523,True,0,0,0,1
524,True,0,0,0,2
525,True,0,0,0,1
526,True,0,0,0,2
527,True,0,0,0,1
528,True,0,0,0,0
529,True,0,0,0,1
530,True,0,0,0,0
531,True,0,0,0,1
532,True,0,0,0,0
533,True,0,0,0,2
534,True,0,0,0,2
535,True,0,0,0,1
536,True,0,0,0,2
537,True,0,0,0,1
538,True,0,0,0,1
539,True,0,0,0,1
540,True,0,0,0,1
541,True,0,0,0,2
542,True,0,0,0,1
543,True,0,0,0,1
544,True,0,0,0,1
545,True,0,0,0,2
546,True,0,0,0,2
547,True,0,0,0,0
548,True,0,0,0,1
549,True,0,0,0,1
550,True,0,0,0,1
551,True,0,0,0,1
552,True,0,0,0,0
553,True,0,0,0,0
554,True,0,0,0,2
555,True,0,0,0,1
556,True,0,0,0,0
557,True,0,0,0,0
558,True,0,0,0,1
559,True,0,0,0,1
560,True,0,0,0,1
561,True,0,0,0,1
562,True,0,0,0,1
563,True,0,0,0,0
564,True,0,0,0,1
565,True,0,0,0,1
566,True,0,0,0,2
567,True,0,0,0,1
568,True,0,0,0,2
569,True,0,0,0,1
570,True,0,0,0,2
571,True,0,0,0,1
572,True,0,0,0,1
573,True,0,0,0,1
574,True,0,0,0,1
575,True,0,0,0,1
576,True,0,0,0,1
577,True,0,0,0,1
578,True,0,0,0,2
579,True,0,0,0,1
580,True,0,0,0,0
581,True,0,0,0,1
582,True,0,0,0,1
583,True,0,0,0,0
584,True,0,0,0,0
585,True,0,0,0,0
586,True,0,0,0,2
587,True,0,0,0,1
588,True,0,0,0,0
589,True,0,0,0,2
590,True,0,0,0,0
591,True,0,0,0,2
592,True,0,0,0,1
593,True,0,0,0,0
594,True,0,0,0,1
595,True,0,0,0,1
596,True,0,0,0,0
597,True,0,0,0,1
598,True,0,0,0,0
599,True,0,0,0,2
600,True,0,0,0,0
601,True,0,0,0,1
602,True,0,0,0,1
603,True,0,0,0,0
604,True,0,0,0,1
605,True,0,0,0,1
606,True,0,0,0,0
607,True,0,0,0,1
608,True,0,0,0,2
609,True,0,0,0,0
610,True,0,0,0,0
611,True,0,0,0,1
612,True,0,0,0,1
613,True,0,0,0,1
614,True,0,0,0,1
615,True,0,0,0,1
616,True,0,0,0,0
617,True,0,0,0,1
618,True,0,0,0,1
619,True,0,0,0,1
620,True,0,0,0,2
621,True,0,0,0,1
622,True,0,0,0,0
623,True,0,0,0,1
624,True,0,0,0,1
625,True,0,0,0,0
626,True,0,0,0,1
627,True,0,0,0,1
628,True,0,0,0,2
629,True,0,0,0,1
630,True,0,0,0,1
631,True,0,0,0,0
632,True,0,0,0,1
633,True,0,0,0,0
634,True,0,0,0,2
635,True,0,0,0,1
636,True,0,0,0,1
637,True,0,0,0,1
638,True,0,0,0,0
639,True,0,0,0,1
640,True,0,0,0,1
641,True,0,0,0,2
642,True,0,0,0,1
643,True,0,0,0,1
644,True,0,0,0,2
645,True,0,0,0,1
646,True,0,0,0,1
647,True,0,0,0,2
648,True,0,0,0,1
649,True,0,0,0,0
650,True,0,0,0,2
651,True,0,0,0,1
652,True,0,0,0,1
653,True,0,0,0,1
654,True,0,0,0,2
655,True,0,0,0,1
656,True,0,0,0,1
657,True,0,0,0,0
658,True,0,0,0,2
659,True,0,0,0,1
660,True,0,0,0,2
661,True,0,0,0,1
662,True,0,0,0,1
663,True,0,0,0,1
664,True,0,0,0,1
665,True,0,0,0,0
666,True,0,0,0,0
667,True,0,0,0,1
668,True,0,0,0,1
669,True,0,0,0,1
670,True,0,0,0,2
671,True,0,0,0,1
672,True,0,0,0,1
673,True,0,0,0,2
674,True,0,0,0,1
675,True,0,0,0,2
676,True,0,0,0,0
677,True,0,0,0,0
678,True,0,0,0,1
679,True,0,0,0,0
680,True,0,0,0,0
681,True,0,0,0,1
682,True,0,0,0,0
683,True,0,0,0,2
684,True,0,0,0,2
685,True,0,0,0,1
686,True,0,0,0,1
687,True,0,0,0,2
688,True,0,0,0,1
689,True,0,0,0,2
690,True,0,0,0,2
691,True,0,0,0,0
692,True,0,0,0,0
693,True,0,0,0,1
694,True,0,0,0,1
695,True,0,0,0,1
696,True,0,0,0,0
697,True,0,0,0,2
698,True,0,0,0,1
699,True,0,0,0,2
700,True,0,0,0,0
701,True,0,0,0,1
702,True,0,0,0,2
703,True,0,0,0,1
704,True,0,0,0,1
705,True,0,0,0,1
706,True,0,0,0,0
707,True,0,0,0,2
708,True,0,0,0,2
709,True,0,0,0,1
710,True,0,0,0,1
711,True,0,0,0,1
712,True,0,0,0,1
713,True,0,0,0,2
714,True,0,0,0,1
715,True,0,0,0,2
716,True,0,0,0,2
717,True,0,0,0,0
718,True,0,0,0,1
719,True,0,0,0,2
720,True,0,0,0,2
721,True,0,0,0,0
722,True,0,0,0,2
723,True,0,0,0,0
724,True,0,0,0,1
725,True,0,0,0,1
726,True,0,0,0,2
727,True,0,0,0,1
728,True,0,0,0,1
729,True,0,0,0,1
730,True,0,0,0,2
731,True,0,0,0,1
732,True,0,0,0,2
733,True,0,0,0,1
734,True,0,0,0,1
735,True,0,0,0,1
736,True,0,0,0,2
737,True,0,0,0,2
738,True,0,0,0,2
739,True,0,0,0,1
740,True,0,0,0,0
741,True,0,0,0,2
742,True,0,0,0,2
743,True,0,0,0,0
744,True,0,0,0,1
745,True,0,0,0,0
746,True,0,0,0,1
747,True,0,0,0,1
748,True,0,0,0,1
749,True,0,0,0,0
750,True,0,0,0,1
751,True,0,0,0,1
752,True,0,0,0,0
753,True,0,0,0,1
754,True,0,0,0,1
755,True,0,0,0,1
756,True,0,0,0,1
757,True,0,0,0,2
758,True,0,0,0,1
759,True,0,0,0,2
760,True,0,0,0,2
761,True,0,0,0,2
762,True,0,0,0,1
763,True,0,0,0,1
764,True,0,0,0,2
765,True,0,0,0,1
766,True,0,0,0,1
767,True,0,0,0,0
768,True,0,0,0,1
769,True,0,0,0,2
770,True,0,0,0,1
771,True,0,0,0,2
772,True,0,0,0,0
773,True,0,0,0,0
774,True,0,0,0,1
775,True,0,0,0,2
776,True,0,0,0,1
777,True,0,0,0,1
778,True,0,0,0,1
779,True,0,0,0,0
780,True,0,0,0,2
781,True,0,0,0,1
782,True,0,0,0,2
783,True,0,0,0,2
784,True,0,0,0,2
785,True,0,0,0,0
786,True,0,0,0,0
787,True,0,0,0,1
788,True,0,0,0,0
789,True,0,0,0,1
790,True,0,0,0,2
791,True,0,0,0,2
792,True,0,0,0,0
793,True,0,0,0,1
794,True,0,0,0,1
795,True,0,0,0,0
796,True,0,0,0,0
797,True,0,0,0,2
798,True,0,0,0,1
799,True,0,0,0,2
800,True,0,0,0,1
801,True,0,0,0,1
802,True,0,0,0,1
803,True,0,0,0,2
804,True,0,0,0,1
805,True,0,0,0,1
806,True,0,0,0,1
807,True,0,0,0,1
808,True,0,0,0,2
809,True,0,0,0,2
810,True,0,0,0,1
811,True,0,0,0,1
812,True,0,0,0,0
813,True,0,0,0,1
814,True,0,0,0,1
815,True,0,0,0,1
816,True,0,0,0,0
817,True,0,0,0,0
818,True,0,0,0,1
819,True,0,0,0,0
820,True,0,0,0,2
821,True,0,0,0,1
822,True,0,0,0,1
823,True,0,0,0,2
824,True,0,0,0,2
825,True,0,0,0,1
826,True,0,0,0,0
827,True,0,0,0,2
828,True,0,0,0,2
829,True,0,0,0,0
830,True,0,0,0,2
831,True,0,0,0,1
832,True,0,0,0,1
833,True,0,0,0,2
834,True,0,0,0,0
835,True,0,0,0,0
836,True,0,0,0,1
837,True,0,0,0,0
838,True,0,0,0,1
839,True,0,0,0,2
840,True,0,0,0,1
841,True,0,0,0,1
842,True,0,0,0,0
843,True,0,0,0,2
844,True,0,0,0,0
845,True,0,0,0,0
846,True,0,0,0,2
847,True,0,0,0,1
848,True,0,0,0,1
849,True,0,0,0,0
850,True,0,0,0,2
851,True,0,0,0,2
852,True,0,0,0,1
853,True,0,0,0,1
854,True,0,0,0,0
855,True,0,0,0,1
856,True,0,0,0,2
857,True,0,0,0,1
858,True,0,0,0,1
859,True,0,0,0,0
860,True,0,0,0,0
861,True,0,0,0,1
862,True,0,0,0,1
863,True,0,0,0,1
864,True,0,0,0,2
865,True,0,0,0,1
866,True,0,0,0,2
867,True,0,0,0,0
868,True,0,0,0,1
869,True,0,0,0,1
870,True,0,0,0,2
871,True,0,0,0,1
872,True,0,0,0,1
873,True,0,0,0,1
874,True,0,0,0,0
875,True,0,0,0,1
876,True,0,0,0,2
877,True,0,0,0,1
878,True,0,0,0,0
879,True,0,0,0,1
880,True,0,0,0,1
881,True,0,0,0,1
882,True,0,0,0,2
883,True,0,0,0,0
884,True,0,0,0,1
885,True,0,0,0,2
886,True,0,0,0,1
887,True,0,0,0,1
888,True,0,0,0,1
889,True,0,0,0,0
890,True,0,0,0,2
891,True,0,0,0,0
892,True,0,0,0,1
893,True,0,0,0,0
894,True,0,0,0,1
895,True,0,0,0,1
896,True,0,0,0,2
897,True,0,0,0,1
898,True,0,0,0,1
899,True,0,0,0,1
900,True,0,0,0,0
901,True,0,0,0,1
902,True,0,0,0,1
903,True,0,0,0,1
904,True,0,0,0,0
905,True,0,0,0,1
906,True,0,0,0,1
907,True,0,0,0,0
908,True,0,0,0,2
909,True,0,0,0,1
910,True,0,0,0,1
911,True,0,0,0,0
912,True,0,0,0,2
913,True,0,0,0,0
914,True,0,0,0,2
915,True,0,0,0,1
916,True,0,0,0,2
917,True,0,0,0,1
918,True,0,0,0,2
919,True,0,0,0,2
920,True,0,0,0,0
921,True,0,0,0,1
922,True,0,0,0,1
923,True,0,0,0,1
924,True,0,0,0,1
925,True,0,0,0,1
926,True,0,0,0,1
927,True,0,0,0,1
928,True,0,0,0,1
929,True,0,0,0,1
930,True,0,0,0,0
931,True,0,0,0,1
932,True,0,0,0,0
933,True,0,0,0,1
934,True,0,0,0,0
935,True,0,0,0,0
936,True,0,0,0,0
937,True,0,0,0,1
938,True,0,0,0,1
939,True,0,0,0,1
940,True,0,0,0,2
941,True,0,0,0,1
942,True,0,0,0,2
943,True,0,0,0,1
944,True,0,0,0,1
945,True,0,0,0,1
946,True,0,0,0,2
947,True,0,0,0,1
948,True,0,0,0,0
949,True,0,0,0,1
950,True,0,0,0,0
951,True,0,0,0,1
952,True,0,0,0,1
953,True,0,0,0,1
954,True,0,0,0,2
955,True,0,0,0,1
956,True,0,0,0,1
957,True,0,0,0,0
958,True,0,0,0,0
959,True,0,0,0,0
960,True,0,0,0,2
961,True,0,0,0,0
962,True,0,0,0,1
963,True,0,0,0,1
964,True,0,0,0,1
965,True,0,0,0,0
966,True,0,0,0,1
967,True,0,0,0,2
968,True,0,0,0,1
969,True,0,0,0,1
970,True,0,0,0,1
971,True,0,0,0,0
972,True,0,0,0,1
973,True,0,0,0,1
974,True,0,0,0,1
975,True,0,0,0,2
976,True,0,0,0,1
977,True,0,0,0,1
978,True,0,0,0,1
979,True,0,0,0,1
980,True,0,0,0,0
981,True,0,0,0,1
982,True,0,0,0,1
983,True,0,0,0,1
984,True,0,0,0,1
985,True,0,0,0,0
986,True,0,0,0,1
987,True,0,0,0,0
988,True,0,0,0,2
989,True,0,0,0,2
990,True,0,0,0,0
991,True,0,0,0,0
992,True,0,0,0,1
993,True,0,0,0,0
994,True,0,0,0,0
995,True,0,0,0,0
996,True,0,0,0,1
997,True,0,0,0,0
998,True,0,0,0,1
999,True,0,0,0,0
1000,True,0,0,0,2
1001,True,0,0,0,1
1002,True,0,0,0,0
1003,True,0,0,0,0
1004,True,0,0,0,1
1005,True,0,0,0,1
1006,True,0,0,0,2
1007,True,0,0,0,0
1008,True,0,0,0,2
1009,True,0,0,0,1
1010,True,0,0,0,2
1011,True,0,0,0,0
1012,True,0,0,0,1
1013,True,0,0,0,1
1014,True,0,0,0,2
1015,True,0,0,0,1
1016,True,0,0,0,1
1017,True,0,0,0,1
1018,True,0,0,0,1
1019,True,0,0,0,1
1020,True,0,0,0,0
1021,True,0,0,0,2
1022,True,0,0,0,2
1023,True,0,0,0,1
1024,True,0,0,0,0
1025,True,0,0,0,1
1026,True,0,0,0,0
1027,True,0,0,0,2
1028,True,0,0,0,1
1029,True,0,0,0,1
1030,True,0,0,0,2
1031,True,0,0,0,2
1032,True,0,0,0,1
1033,True,0,0,0,2
1034,True,0,0,0,1
1035,True,0,0,0,1
1036,True,0,0,0,2
1037,True,0,0,0,2
1038,True,0,0,0,1
1039,True,0,0,0,1
1040,True,0,0,0,2
1041,True,0,0,0,1
1042,True,0,0,0,1
1043,True,0,0,0,1
1044,True,0,0,0,1
1045,True,0,0,0,2
1046,True,0,0,0,1
1047,True,0,0,0,1
1048,True,0,0,0,1
1049,True,0,0,0,1
1050,True,0,0,0,0
1051,True,0,0,0,1
1052,True,0,0,0,1
1053,True,0,0,0,1
1054,True,0,0,0,1
1055,True,0,0,0,0
1056,True,0,0,0,0
1057,True,0,0,0,1
1058,True,0,0,0,0
1059,True,0,0,0,1
1060,True,0,0,0,0
1061,True,0,0,0,2
1062,True,0,0,0,1
1063,True,0,0,0,2
1064,True,0,0,0,0
1065,True,0,0,0,1
1066,True,0,0,0,1
1067,True,0,0,0,1
1068,True,0,0,0,0
1069,True,0,0,0,1
1070,True,0,0,0,2
1071,True,0,0,0,1
1072,True,0,0,0,2
1073,True,0,0,0,0
1074,True,0,0,0,1
1075,True,0,0,0,0
1076,True,0,0,0,0
1077,True,0,0,0,1
1078,True,0,0,0,2
1079,True,0,0,0,1
1080,True,0,0,0,1
1081,True,0,0,0,0
1082,True,0,0,0,0
1083,True,0,0,0,0
1084,True,0,0,0,1
1085,True,0,0,0,1
1086,True,0,0,0,1
1087,True,0,0,0,0
1088,True,0,0,0,1
1089,True,0,0,0,1
1090,True,0,0,0,1
1091,True,0,0,0,0
1092,True,0,0,0,2
1093,True,0,0,0,2
1094,True,0,0,0,1
1095,True,0,0,0,1
1096,True,0,0,0,1
1097,True,0,0,0,1
1098,True,0,0,0,1
1099,True,0,0,0,2
1100,True,0,0,0,0
1101,True,0,0,0,0
1102,True,0,0,0,0
1103,True,0,0,0,0
1104,True,0,0,0,0
1105,True,0,0,0,2
1106,True,0,0,0,1
1107,True,0,0,0,0
1108,True,0,0,0,0
1109,True,0,0,0,0
1110,True,0,0,0,1
1111,True,0,0,0,0
1112,True,0,0,0,2
1113,True,0,0,0,1
1114,True,0,0,0,0
1115,True,0,0,0,0
1116,True,0,0,0,0
1117,True,0,0,0,0
1118,True,0,0,0,1
1119,True,0,0,0,1
1120,True,0,0,0,0
1121,True,0,0,0,0
1122,True,0,0,0,0
1123,True,0,0,0,0
1124,True,0,0,0,0
1125,True,0,0,0,1
1126,True,0,0,0,2
1127,True,0,0,0,1
1128,True,0,0,0,2
1129,True,0,0,0,1
1130,True,0,0,0,1
1131,True,0,0,0,1
1132,True,0,0,0,2
1133,True,0,0,0,1
1134,True,0,0,0,1
1135,True,0,0,0,1
1136,True,0,0,0,1
1137,True,0,0,0,1
1138,True,0,0,0,0
1139,True,0,0,0,0
1140,True,0,0,0,1
1141,True,0,0,0,1
1142,True,0,0,0,2
1143,True,0,0,0,1
1144,True,0,0,0,0
1145,True,0,0,0,2
1146,True,0,0,0,1
1147,True,0,0,0,0
1148,True,0,0,0,0
1149,True,0,0,0,2
1150,True,0,0,0,0
1151,True,0,0,0,0
1152,True,0,0,0,0
1153,True,0,0,0,2
1154,True,0,0,0,1
1155,True,0,0,0,0
1156,True,0,0,0,2
1157,True,0,0,0,1
1158,True,0,0,0,0
1159,True,0,0,0,1
1160,True,0,0,0,0
1161,True,0,0,0,0
1162,True,0,0,0,1
1163,True,0,0,0,0
1164,True,0,0,0,1
1165,True,0,0,0,2
1166,True,0,0,0,1
1167,True,0,0,0,0
1168,True,0,0,0,0
1169,True,0,0,0,0
1170,True,0,0,0,2
1171,True,0,0,0,1
1172,True,0,0,0,0
1173,True,0,0,0,2
1174,True,0,0,0,1
1175,True,0,0,0,2
1176,True,0,0,0,1
1177,True,0,0,0,1
1178,True,0,0,0,0
1179,True,0,0,0,2
1180,True,0,0,0,0
1181,True,0,0,0,1
1182,True,0,0,0,0
1183,True,0,0,0,0
1184,True,0,0,0,1
1185,True,0,0,0,2
1186,True,0,0,0,1
1187,True,0,0,0,0
1188,True,0,0,0,2
1189,True,0,0,0,0
1190,True,0,0,0,1
1191,True,0,0,0,1
1192,True,0,0,0,2
1193,True,0,0,0,1
1194,True,0,0,0,0
1195,True,0,0,0,1
1196,True,0,0,0,2
1197,True,0,0,0,0
1198,True,0,0,0,0
1199,True,0,0,0,1
1200,True,0,0,0,2
1201,True,0,0,0,1
1202,True,0,0,0,2
1203,True,0,0,0,2
1204,True,0,0,0,0
1205,True,0,0,0,1
1206,True,0,0,0,1
1207,True,0,0,0,0
1208,True,0,0,0,1
1209,True,0,0,0,1
1210,True,0,0,0,1
1211,True,0,0,0,1
1212,True,0,0,0,1
1213,True,0,0,0,0
1214,True,0,0,0,1
1215,True,0,0,0,0
1216,True,0,0,0,2
1217,True,0,0,0,0
1218,True,0,0,0,2
1219,True,0,0,0,2
1220,True,0,0,0,1
1221,True,0,0,0,1
1222,True,0,0,0,0
1223,True,0,0,0,1
1224,True,0,0,0,2
1225,True,0,0,0,2
1226,True,0,0,0,1
1227,True,0,0,0,0
1228,True,0,0,0,0
1229,True,0,0,0,1
1230,True,0,0,0,0
1231,True,0,0,0,1
1232,True,0,0,0,0
1233,True,0,0,0,2
1234,True,0,0,0,1
1235,True,0,0,0,0
1236,True,0,0,0,1
1237,True,0,0,0,0
1238,True,0,0,0,2
1239,True,0,0,0,1
1240,True,0,0,0,1
1241,True,0,0,0,0
1242,True,0,0,0,1
1243,True,0,0,0,2
1244,True,0,0,0,1
1245,True,0,0,0,1
1246,True,0,0,0,0
1247,True,0,0,0,0
1248,True,0,0,0,0
1249,True,0,0,0,2
1250,True,0,0,0,1
1251,True,0,0,0,1
1252,True,0,0,0,2
1253,True,0,0,0,0
1254,True,0,0,0,2
1255,True,0,0,0,1
1256,True,0,0,0,2
1257,True,0,0,0,0
1258,True,0,0,0,1
1259,True,0,0,0,2
1260,True,0,0,0,0
1261,True,0,0,0,1
1262,True,0,0,0,1
1263,True,0,0,0,1
1264,True,0,0,0,1
1265,True,0,0,0,0
1266,True,0,0,0,0
1267,True,0,0,0,1
1268,True,0,0,0,2
1269,True,0,0,0,0
1270,True,0,0,0,0
1271,True,0,0,0,1
1272,True,0,0,0,1
1273,True,0,0,0,2
1274,True,0,0,0,0
1275,True,0,0,0,1
1276,True,0,0,0,1
1277,True,0,0,0,2
1278,True,0,0,0,0
1279,True,0,0,0,2
1280,True,0,0,0,2
1281,True,0,0,0,2
1282,True,0,0,0,1
1283,True,0,0,0,2
1284,True,0,0,0,0
1285,True,0,0,0,1
1286,True,0,0,0,1
1287,True,0,0,0,0
1288,True,0,0,0,1
1289,True,0,0,0,2
1290,True,0,0,0,2
1291,True,0,0,0,1
1292,True,0,0,0,2
1293,True,0,0,0,1
1294,True,0,0,0,0
1295,True,0,0,0,2
1296,True,0,0,0,1
1297,True,0,0,0,0
1298,True,0,0,0,1
1299,True,0,0,0,1
1300,True,0,0,0,0
1301,True,0,0,0,1
1302,True,0,0,0,0
1303,True,0,0,0,1
1304,True,0,0,0,1
1305,True,0,0,0,1
1306,True,0,0,0,0
1307,True,0,0,0,0
1308,True,0,0,0,0
1309,True,0,0,0,1
1310,True,0,0,0,2
1311,True,0,0,0,1
1312,True,0,0,0,2
1313,True,0,0,0,2
1314,True,0,0,0,0
1315,True,0,0,0,1
1316,True,0,0,0,1
1317,True,0,0,0,1
1318,True,0,0,0,1
1319,True,0,0,0,1
1320,True,0,0,0,1
1321,True,0,0,0,1
1322,True,0,0,0,1
1323,True,0,0,0,1
1324,True,0,0,0,1
1325,True,0,0,0,1
1326,True,0,0,0,1
1327,True,0,0,0,2
1328,True,0,0,0,2
1329,True,0,0,0,2
1330,True,0,0,0,0
1331,True,0,0,0,0
1332,True,0,0,0,2
1333,True,0,0,0,2
1334,True,0,0,0,2
1335,True,0,0,0,1
1336,True,0,0,0,2
1337,True,0,0,0,0
1338,True,0,0,0,1
1339,True,0,0,0,1
1340,True,0,0,0,1
1341,True,0,0,0,1
1342,True,0,0,0,2
1343,True,0,0,0,1
1344,True,0,0,0,0
1345,True,0,0,0,0
1346,True,0,0,0,2
1347,True,0,0,0,2
1348,True,0,0,0,0
1349,True,0,0,0,1
1350,True,0,0,0,1
1351,True,0,0,0,1
1352,True,0,0,0,1
1353,True,0,0,0,1
1354,True,0,0,0,0
1355,True,0,0,0,2
1356,True,0,0,0,0
1357,True,0,0,0,1
1358,True,0,0,0,1
1359,True,0,0,0,2
1360,True,0,0,0,2
1361,True,0,0,0,1
1362,True,0,0,0,2
1363,True,0,0,0,1
1364,True,0,0,0,2
1365,True,0,0,0,2
1366,True,0,0,0,2
1367,True,0,0,0,1
1368,True,0,0,0,1
1369,True,0,0,0,1
1370,True,0,0,0,1
1371,True,0,0,0,2
1372,True,0,0,0,1
1373,True,0,0,0,1
1374,True,0,0,0,1
1375,True,0,0,0,2
1376,True,0,0,0,0
1377,True,0,0,0,1
1378,True,0,0,0,1
1379,True,0,0,0,1
1380,True,0,0,0,0
1381,True,0,0,0,1
1382,True,0,0,0,0
1383,True,0,0,0,2
1384,True,0,0,0,2
1385,True,0,0,0,1
1386,True,0,0,0,1
1387,True,0,0,0,1
1388,True,0,0,0,1
1389,True,0,0,0,1
1390,True,0,0,0,1
1391,True,0,0,0,2
1392,True,0,0,0,1
1393,True,0,0,0,1
1394,True,0,0,0,2
1395,True,0,0,0,0
1396,True,0,0,0,1
1397,True,0,0,0,2
1398,True,0,0,0,1
1399,True,0,0,0,0
1400,True,0,0,0,1
1401,True,0,0,0,1
1402,True,0,0,0,2
1403,True,0,0,0,2
1404,True,0,0,0,2
1405,True,0,0,0,0
1406,True,0,0,0,0
1407,True,0,0,0,0
1408,True,0,0,0,0
1409,True,0,0,0,1
1410,True,0,0,0,2
1411,True,0,0,0,2
1412,True,0,0,0,2
1413,True,0,0,0,0
1414,True,0,0,0,2
1415,True,0,0,0,1
1416,True,0,0,0,1
1417,True,0,0,0,0
1418,True,0,0,0,1
1419,True,0,0,0,2
1420,True,0,0,0,2
1421,True,0,0,0,0
1422,True,0,0,0,1
1423,True,0,0,0,1
1424,True,0,0,0,1
1425,True,0,0,0,1
1426,True,0,0,0,1
1427,True,0,0,0,2
1428,True,0,0,0,1
1429,True,0,0,0,2
1430,True,0,0,0,0
1431,True,0,0,0,2
1432,True,0,0,0,1
1433,True,0,0,0,1
1434,True,0,0,0,1
1435,True,0,0,0,2
1436,True,0,0,0,2
1437,True,0,0,0,1
1438,True,0,0,0,0
1439,True,0,0,0,2
1440,True,0,0,0,1
1441,True,0,0,0,1
1442,True,0,0,0,1
1443,True,0,0,0,1
1444,True,0,0,0,2
1445,True,0,0,0,1
1446,True,0,0,0,0
1447,True,0,0,0,2
1448,True,0,0,0,2
1449,True,0,0,0,1
1450,True,0,0,0,0
1451,True,0,0,0,2
1452,True,0,0,0,2
1453,True,0,0,0,2
1454,True,0,0,0,0
1455,True,0,0,0,1
1456,True,0,0,0,1
1457,True,0,0,0,2
1458,True,0,0,0,0
1459,True,0,0,0,2
1460,True,0,0,0,0
1461,True,0,0,0,2
1462,True,0,0,0,2
1463,True,0,0,0,1
1464,True,0,0,0,1
1465,True,0,0,0,0
1466,True,0,0,0,2
1467,True,0,0,0,2
1468,True,0,0,0,1
1469,True,0,0,0,1
1470,True,0,0,0,1
1471,True,0,0,0,1
1472,True,0,0,0,0
1473,True,0,0,0,1
1474,True,0,0,0,2
1475,True,0,0,0,1
1476,True,0,0,0,1
1477,True,0,0,0,1
1478,True,0,0,0,2
1479,True,0,0,0,2
1480,True,0,0,0,0
1481,True,0,0,0,2
1482,True,0,0,0,1
1483,True,0,0,0,2
1484,True,0,0,0,0
1485,True,0,0,0,1
1486,True,0,0,0,0
1487,True,0,0,0,2
1488,True,0,0,0,0
1489,True,0,0,0,0
1490,True,0,0,0,0
1491,True,0,0,0,1
1492,True,0,0,0,0
1493,True,0,0,0,1
1494,True,0,0,0,0
1495,True,0,0,0,2
1496,True,0,0,0,0
1497,True,0,0,0,0
1498,True,0,0,0,2
1499,True,0,0,0,2
1500,True,0,0,0,1
1501,True,0,0,0,1
1502,True,0,0,0,1
1503,True,0,0,0,1
1504,True,0,0,0,2
1505,True,0,0,0,1
1506,True,0,0,0,1
1507,True,0,0,0,1
1508,True,0,0,0,1
1509,True,0,0,0,2
1510,True,0,0,0,0
1511,True,0,0,0,1
1512,True,0,0,0,1
1513,True,0,0,0,2
1514,True,0,0,0,0
1515,True,0,0,0,1
1516,True,0,0,0,1
1517,True,0,0,0,2
1518,True,0,0,0,2
1519,True,0,0,0,0
1520,True,0,0,0,1
1521,True,0,0,0,1
1522,True,0,0,0,0
1523,True,0,0,0,0
1524,True,0,0,0,0
1525,True,0,0,0,0
1526,True,0,0,0,2
1527,True,0,0,0,1
1528,True,0,0,0,2
1529,True,0,0,0,1
1530,True,0,0,0,1
1531,True,0,0,0,0
1532,True,0,0,0,2
1533,True,0,0,0,0
1534,True,0,0,0,1
1535,True,0,0,0,2
1536,True,0,0,0,1
1537,True,0,0,0,2
1538,True,0,0,0,1
1539,True,0,0,0,1
1540,True,0,0,0,1
1541,True,0,0,0,2
1542,True,0,0,0,1
1543,True,0,0,0,0
1544,True,0,0,0,1
1545,True,0,0,0,1
1546,True,0,0,0,2
1547,True,0,0,0,1
1548,True,0,0,0,0
1549,True,0,0,0,2
1550,True,0,0,0,1
1551,True,0,0,0,1
1552,True,0,0,0,0
1553,True,0,0,0,1
1554,True,0,0,0,1
1555,True,0,0,0,0
1556,True,0,0,0,1
1557,True,0,0,0,1
1558,True,0,0,0,1
1559,True,0,0,0,2
1560,True,0,0,0,2
1561,True,0,0,0,1
1562,True,0,0,0,0
1563,True,0,0,0,1
1564,True,0,0,0,0
1565,True,0,0,0,1
1566,True,0,0,0,1
1567,True,0,0,0,2
1568,True,0,0,0,1
1569,True,0,0,0,1
1570,True,0,0,0,0
1571,True,0,0,0,1
1572,True,0,0,0,0
1573,True,0,0,0,0
1574,True,0,0,0,0
1575,True,0,0,0,1
1576,True,0,0,0,1
1577,True,0,0,0,1
1578,True,0,0,0,0
1579,True,0,0,0,1
1580,True,0,0,0,1
1581,True,0,0,0,2
1582,True,0,0,0,0
1583,True,0,0,0,1
1584,True,0,0,0,0
1585,True,0,0,0,1
1586,True,0,0,0,1
1587,True,0,0,0,1
1588,True,0,0,0,2
1589,True,0,0,0,2
1590,True,0,0,0,2
1591,True,0,0,0,0
1592,True,0,0,0,2
1593,True,0,0,0,0
1594,True,0,0,0,1
1595,True,0,0,0,0
1596,True,0,0,0,1
1597,True,0,0,0,1
1598,True,0,0,0,2
1599,True,0,0,0,1
1600,True,0,0,0,2
1601,True,0,0,0,0
1602,True,0,0,0,2
1603,True,0,0,0,2
1604,True,0,0,0,2
1605,True,0,0,0,2
1606,True,0,0,0,0
1607,True,0,0,0,0
1608,True,0,0,0,1
1609,True,0,0,0,1
1610,True,0,0,0,1
1611,True,0,0,0,1
1612,True,0,0,0,2
1613,True,0,0,0,1
1614,True,0,0,0,2
1615,True,0,0,0,1
1616,True,0,0,0,1
1617,True,0,0,0,2
1618,True,0,0,0,1
1619,True,0,0,0,1
1620,True,0,0,0,0
1621,True,0,0,0,1
1622,True,0,0,0,1
1623,True,0,0,0,1
1624,True,0,0,0,1
1625,True,0,0,0,2
1626,True,0,0,0,0
1627,True,0,0,0,1
1628,True,0,0,0,0
1629,True,0,0,0,1
1630,True,0,0,0,0
1631,True,0,0,0,1
1632,True,0,0,0,2
1633,True,0,0,0,2
1634,True,0,0,0,1
1635,True,0,0,0,2
1636,True,0,0,0,0
1637,True,0,0,0,1
1638,True,0,0,0,1
1639,True,0,0,0,1
1640,True,0,0,0,2
1641,True,0,0,0,0
1642,True,0,0,0,1
1643,True,0,0,0,1
1644,True,0,0,0,1
1645,True,0,0,0,2
1646,True,0,0,0,0
1647,True,0,0,0,1
1648,True,0,0,0,0
1649,True,0,0,0,2
1650,True,0,0,0,1
1651,True,0,0,0,1
1652,True,0,0,0,1
1653,True,0,0,0,2
1654,True,0,0,0,2
1655,True,0,0,0,0
1656,True,0,0,0,2
1657,True,0,0,0,2
1658,True,0,0,0,2
1659,True,0,0,0,1
1660,True,0,0,0,0
1661,True,0,0,0,1
1662,True,0,0,0,0
1663,True,0,0,0,1
1664,True,0,0,0,0
1665,True,0,0,0,2
1666,True,0,0,0,1
1667,True,0,0,0,1
1668,True,0,0,0,1
1669,True,0,0,0,2
1670,True,0,0,0,2
1671,True,0,0,0,0
1672,True,0,0,0,0
1673,True,0,0,0,1
1674,True,0,0,0,1
1675,True,0,0,0,1
1676,True,0,0,0,0
1677,True,0,0,0,1
1678,True,0,0,0,2
1679,True,0,0,0,1
1680,True,0,0,0,2
1681,True,0,0,0,0
1682,True,0,0,0,2
1683,True,0,0,0,0
1684,True,0,0,0,1
1685,True,0,0,0,1
1686,True,0,0,0,2
1687,True,0,0,0,1
1688,True,0,0,0,2
1689,True,0,0,0,1
1690,True,0,0,0,2
1691,True,0,0,0,1
1692,True,0,0,0,1
1693,True,0,0,0,2
1694,True,0,0,0,1
1695,True,0,0,0,2
1696,True,0,0,0,2
1697,True,0,0,0,0
1698,True,0,0,0,1
1699,True,0,0,0,0
1700,True,0,0,0,2
1701,True,0,0,0,0
1702,True,0,0,0,1
1703,True,0,0,0,1
1704,True,0,0,0,1
1705,True,0,0,0,1
1706,True,0,0,0,2
1707,True,0,0,0,1
1708,True,0,0,0,0
1709,True,0,0,0,1
1710,True,0,0,0,2
1711,True,0,0,0,1
1712,True,0,0,0,1
1713,True,0,0,0,1
1714,True,0,0,0,0
1715,True,0,0,0,1
1716,True,0,0,0,2
1717,True,0,0,0,1
1718,True,0,0,0,1
1719,True,0,0,0,0
1720,True,0,0,0,2
1721,True,0,0,0,1
1722,True,0,0,0,1
1723,True,0,0,0,1
1724,True,0,0,0,1
1725,True,0,0,0,0
1726,True,0,0,0,1
1727,True,0,0,0,0
1728,True,0,0,0,1
1729,True,0,0,0,0
1730,True,0,0,0,1
1731,True,0,0,0,2
1732,True,0,0,0,1
1733,True,0,0,0,2
1734,True,0,0,0,2
1735,True,0,0,0,1
1736,True,0,0,0,0
1737,True,0,0,0,0
1738,True,0,0,0,0
1739,True,0,0,0,0
1740,True,0,0,0,1
1741,True,0,0,0,2
1742,True,0,0,0,1
1743,True,0,0,0,1
1744,True,0,0,0,1
1745,True,0,0,0,0
1746,True,0,0,0,0
1747,True,0,0,0,0
1748,True,0,0,0,1
1749,True,0,0,0,2
1750,True,0,0,0,1
1751,True,0,0,0,1
1752,True,0,0,0,1
1753,True,0,0,0,1
1754,True,0,0,0,1
1755,True,0,0,0,2
1756,True,0,0,0,2
1757,True,0,0,0,1
1758,True,0,0,0,0
1759,True,0,0,0,1
1760,True,0,0,0,2
1761,True,0,0,0,0
1762,True,0,0,0,0
1763,True,0,0,0,2
1764,True,0,0,0,0
1765,True,0,0,0,0
1766,True,0,0,0,2
1767,True,0,0,0,1
1768,True,0,0,0,1
1769,True,0,0,0,0
1770,True,0,0,0,0
1771,True,0,0,0,1
1772,True,0,0,0,1
1773,True,0,0,0,2
1774,True,0,0,0,1
1775,True,0,0,0,2
1776,True,0,0,0,1
1777,True,0,0,0,1
1778,True,0,0,0,2
1779,True,0,0,0,2
1780,True,0,0,0,1
1781,True,0,0,0,0
1782,True,0,0,0,2
1783,True,0,0,0,0
1784,True,0,0,0,1
1785,True,0,0,0,1
1786,True,0,0,0,1
1787,True,0,0,0,2
1788,True,0,0,0,1
1789,True,0,0,0,1
1790,True,0,0,0,1
1791,True,0,0,0,1
1792,True,0,0,0,1
1793,True,0,0,0,1
1794,True,0,0,0,0
1795,True,0,0,0,1
1796,True,0,0,0,1
1797,True,0,0,0,1
1798,True,0,0,0,1
1799,True,0,0,0,1
1800,True,0,0,0,0
1801,True,0,0,0,2
1802,True,0,0,0,0
1803,True,0,0,0,1
1804,True,0,0,0,2
1805,True,0,0,0,2
1806,True,0,0,0,1
1807,True,0,0,0,0
1808,True,0,0,0,0
1809,True,0,0,0,1
1810,True,0,0,0,2
1811,True,0,0,0,2
1812,True,0,0,0,1
1813,True,0,0,0,1
1814,True,0,0,0,2
1815,True,0,0,0,0
1816,True,0,0,0,1
1817,True,0,0,0,0
1818,True,0,0,0,1
1819,True,0,0,0,1
1820,True,0,0,0,1
1821,True,0,0,0,1
1822,True,0,0,0,1
1823,True,0,0,0,0
1824,True,0,0,0,2
1825,True,0,0,0,1
1826,True,0,0,0,1
1827,True,0,0,0,2
1828,True,0,0,0,1
1829,True,0,0,0,1
1830,True,0,0,0,0
1831,True,0,0,0,0
1832,True,0,0,0,0
1833,True,0,0,0,1
1834,True,0,0,0,2
1835,True,0,0,0,1
1836,True,0,0,0,1
1837,True,0,0,0,2
1838,True,0,0,0,1
1839,True,0,0,0,1
1840,True,0,0,0,1
1841,True,0,0,0,0
1842,True,0,0,0,1
1843,True,0,0,0,2
1844,True,0,0,0,2
1845,True,0,0,0,1
1846,True,0,0,0,1
1847,True,0,0,0,1
1848,True,0,0,0,0
1849,True,0,0,0,1
1850,True,0,0,0,1
1851,True,0,0,0,0
1852,True,0,0,0,1
1853,True,0,0,0,0
1854,True,0,0,0,1
1855,True,0,0,0,1
1856,True,0,0,0,2
1857,True,0,0,0,0
1858,True,0,0,0,2
1859,True,0,0,0,2
1860,True,0,0,0,1
1861,True,0,0,0,0
1862,True,0,0,0,0
1863,True,0,0,0,1
1864,True,0,0,0,1
1865,True,0,0,0,2
1866,True,0,0,0,1
1867,True,0,0,0,0
1868,True,0,0,0,0
1869,True,0,0,0,2
1870,True,0,0,0,0
1871,True,0,0,0,1
1872,True,0,0,0,2
1873,True,0,0,0,2
1874,True,0,0,0,2
1875,True,0,0,0,1
1876,True,0,0,0,1
1877,True,0,0,0,1
1878,True,0,0,0,2
1879,True,0,0,0,0
1880,True,0,0,0,1
1881,True,0,0,0,1
1882,True,0,0,0,2
1883,True,0,0,0,0
1884,True,0,0,0,2
1885,True,0,0,0,1
1886,True,0,0,0,1
1887,True,0,0,0,2
1888,True,0,0,0,2
1889,True,0,0,0,0
1890,True,0,0,0,1
1891,True,0,0,0,1
1892,True,0,0,0,1
1893,True,0,0,0,2
1894,True,0,0,0,1
1895,True,0,0,0,2
1896,True,0,0,0,2
1897,True,0,0,0,1
1898,True,0,0,0,0
1899,True,0,0,0,2
1900,True,0,0,0,2
1901,True,0,0,0,1
1902,True,0,0,0,1
1903,True,0,0,0,1
1904,True,0,0,0,1
1905,True,0,0,0,2
1906,True,0,0,0,2
1907,True,0,0,0,2
1908,True,0,0,0,2
1909,True,0,0,0,0
1910,True,0,0,0,2
1911,True,0,0,0,2
1912,True,0,0,0,2
1913,True,0,0,0,1
1914,True,0,0,0,1
1915,True,0,0,0,1
1916,True,0,0,0,1
1917,True,0,0,0,2
1918,True,0,0,0,1
1919,True,0,0,0,0
1920,True,0,0,0,1
1921,True,0,0,0,2
1922,True,0,0,0,1
1923,True,0,0,0,2
1924,True,0,0,0,1
1925,True,0,0,0,1
1926,True,0,0,0,2
1927,True,0,0,0,0
1928,True,0,0,0,2
1929,True,0,0,0,1
1930,True,0,0,0,2
1931,True,0,0,0,0
1932,True,0,0,0,1
1933,True,0,0,0,0
1934,True,0,0,0,1
1935,True,0,0,0,0
1936,True,0,0,0,0
1937,True,0,0,0,1
1938,True,0,0,0,1
1939,True,0,0,0,0
1940,True,0,0,0,0
1941,True,0,0,0,1
1942,True,0,0,0,0
1943,True,0,0,0,0
1944,True,0,0,0,0
1945,True,0,0,0,0
1946,True,0,0,0,0
1947,True,0,0,0,2
1948,True,0,0,0,1
1949,True,0,0,0,1
1950,True,0,0,0,1
1951,True,0,0,0,2
1952,True,0,0,0,1
1953,True,0,0,0,0
1954,True,0,0,0,2
1955,True,0,0,0,1
1956,True,0,0,0,0
1957,True,0,0,0,1
1958,True,0,0,0,1
1959,True,0,0,0,1
1960,True,0,0,0,1
1961,True,0,0,0,2
1962,True,0,0,0,1
1963,True,0,0,0,2
1964,True,0,0,0,2
1965,True,0,0,0,1
1966,True,0,0,0,1
1967,True,0,0,0,2
1968,True,0,0,0,1
1969,True,0,0,0,0
1970,True,0,0,0,0
1971,True,0,0,0,1
1972,True,0,0,0,0
1973,True,0,0,0,1
1974,True,0,0,0,0
1975,True,0,0,0,1
1976,True,0,0,0,1
1977,True,0,0,0,1
1978,True,0,0,0,1
1979,True,0,0,0,0
1980,True,0,0,0,2
1981,True,0,0,0,1
1982,True,0,0,0,2
1983,True,0,0,0,0
1984,True,0,0,0,2
1985,True,0,0,0,0
1986,True,0,0,0,1
1987,True,0,0,0,0
1988,True,0,0,0,2
1989,True,0,0,0,2
1990,True,0,0,0,2
1991,True,0,0,0,1
1992,True,0,0,0,1
1993,True,0,0,0,1
1994,True,0,0,0,1
1995,True,0,0,0,1
1996,True,0,0,0,1
1997,True,0,0,0,2
1998,True,0,0,0,1
1999,True,0,0,0,0
2000,True,0,0,0,2
2001,True,0,0,0,2
2002,True,0,0,0,2
2003,True,0,0,0,1
2004,True,0,0,0,0
2005,True,0,0,0,0
2006,True,0,0,0,2
2007,True,0,0,0,0
2008,True,0,0,0,0
2009,True,0,0,0,0
2010,True,0,0,0,2
2011,True,0,0,0,1
2012,True,0,0,0,0
2013,True,0,0,0,0
2014,True,0,0,0,1
2015,True,0,0,0,0
2016,True,0,0,0,0
2017,True,0,0,0,2
2018,True,0,0,0,0
2019,True,0,0,0,1
2020,True,0,0,0,0
2021,True,0,0,0,0
2022,True,0,0,0,2
2023,True,0,0,0,0
2024,True,0,0,0,1
2025,True,0,0,0,0
2026,True,0,0,0,1
2027,True,0,0,0,2
2028,True,0,0,0,1
2029,True,0,0,0,1
2030,True,0,0,0,1
2031,True,0,0,0,1
2032,True,0,0,0,2
2033,True,0,0,0,2
2034,True,0,0,0,1
2035,True,0,0,0,1
2036,True,0,0,0,2
2037,True,0,0,0,2
2038,True,0,0,0,1
2039,True,0,0,0,1
2040,True,0,0,0,0
2041,True,0,0,0,1
2042,True,0,0,0,2
2043,True,0,0,0,2
2044,True,0,0,0,2
2045,True,0,0,0,1
2046,True,0,0,0,1
2047,True,0,0,0,1
2048,True,0,0,0,0
2049,True,0,0,0,1
2050,True,0,0,0,1
2051,True,0,0,0,1
2052,True,0,0,0,2
2053,True,0,0,0,1
2054,True,0,0,0,1
2055,True,0,0,0,1
2056,True,0,0,0,1
2057,True,0,0,0,0
2058,True,0,0,0,0
2059,True,0,0,0,1
2060,True,0,0,0,0
2061,True,0,0,0,1
2062,True,0,0,0,1
2063,True,0,0,0,0
2064,True,0,0,0,1
2065,True,0,0,0,1
2066,True,0,0,0,1
2067,True,0,0,0,2
2068,True,0,0,0,1
2069,True,0,0,0,2
2070,True,0,0,0,2
2071,True,0,0,0,2
2072,True,0,0,0,1
2073,True,0,0,0,1
2074,True,0,0,0,2
2075,True,0,0,0,1
2076,True,0,0,0,1
2077,True,0,0,0,1
2078,True,0,0,0,0
2079,True,0,0,0,1
2080,True,0,0,0,1
2081,True,0,0,0,2
2082,True,0,0,0,0
2083,True,0,0,0,1
2084,True,0,0,0,1
2085,True,0,0,0,1
2086,True,0,0,0,2
2087,True,0,0,0,1
2088,True,0,0,0,0
2089,True,0,0,0,0
2090,True,0,0,0,1
2091,True,0,0,0,0
2092,True,0,0,0,1
2093,True,0,0,0,1
2094,True,0,0,0,2
2095,True,0,0,0,1
2096,True,0,0,0,0
2097,True,0,0,0,2
2098,True,0,0,0,1
2099,True,0,0,0,1
2100,True,0,0,0,1
2101,True,0,0,0,1
2102,True,0,0,0,2
2103,True,0,0,0,1
2104,True,0,0,0,2
2105,True,0,0,0,1
2106,True,0,0,0,0
2107,True,0,0,0,2
2108,True,0,0,0,0
2109,True,0,0,0,1
2110,True,0,0,0,2
2111,True,0,0,0,1
2112,True,0,0,0,2
2113,True,0,0,0,1
2114,True,0,0,0,0
2115,True,0,0,0,1
2116,True,0,0,0,0
2117,True,0,0,0,1
2118,True,0,0,0,1
2119,True,0,0,0,1
2120,True,0,0,0,1
2121,True,0,0,0,1
2122,True,0,0,0,1
2123,True,0,0,0,1
2124,True,0,0,0,2
2125,True,0,0,0,1
2126,True,0,0,0,2
2127,True,0,0,0,2
2128,True,0,0,0,1
2129,True,0,0,0,2
2130,True,0,0,0,2
2131,True,0,0,0,2
2132,True,0,0,0,1
2133,True,0,0,0,2
2134,True,0,0,0,0
2135,True,0,0,0,0
2136,True,0,0,0,1
2137,True,0,0,0,0
2138,True,0,0,0,0
2139,True,0,0,0,0
2140,True,0,0,0,1
2141,True,0,0,0,2
2142,True,0,0,0,2
2143,True,0,0,0,2
2144,True,0,0,0,1
2145,True,0,0,0,1
2146,True,0,0,0,2
2147,True,0,0,0,2
2148,True,0,0,0,0
2149,True,0,0,0,1
2150,True,0,0,0,2
2151,True,0,0,0,1
2152,True,0,0,0,0
2153,True,0,0,0,1
2154,True,0,0,0,1
2155,True,0,0,0,1
2156,True,0,0,0,0
2157,True,0,0,0,1
2158,True,0,0,0,1
2159,True,0,0,0,1
2160,True,0,0,0,1
2161,True,0,0,0,1
2162,True,0,0,0,2
2163,True,0,0,0,1
2164,True,0,0,0,1
2165,True,0,0,0,1
2166,True,0,0,0,1
2167,True,0,0,0,2
2168,True,0,0,0,1
2169,True,0,0,0,1
2170,True,0,0,0,2
2171,True,0,0,0,0
2172,True,0,0,0,2
2173,True,0,0,0,1
2174,True,0,0,0,1
2175,True,0,0,0,1
2176,True,0,0,0,1
2177,True,0,0,0,2
2178,True,0,0,0,0
2179,True,0,0,0,2
2180,True,0,0,0,0
2181,True,0,0,0,1
2182,True,0,0,0,1
2183,True,0,0,0,0
2184,True,0,0,0,1
2185,True,0,0,0,0
2186,True,0,0,0,0
2187,True,0,0,0,1
2188,True,0,0,0,2
2189,True,0,0,0,0
2190,True,0,0,0,1
2191,True,0,0,0,2
2192,True,0,0,0,0
2193,True,0,0,0,2
2194,True,0,0,0,1
2195,True,0,0,0,0
2196,True,0,0,0,0
2197,True,0,0,0,1
2198,True,0,0,0,1
2199,True,0,0,0,1
2200,True,0,0,0,1
2201,True,0,0,0,1
2202,True,0,0,0,1
2203,True,0,0,0,1
2204,True,0,0,0,1
2205,True,0,0,0,2
2206,True,0,0,0,1
2207,True,0,0,0,2
2208,True,0,0,0,1
2209,True,0,0,0,2
2210,True,0,0,0,2
2211,True,0,0,0,2
2212,True,0,0,0,1
2213,True,0,0,0,1
2214,True,0,0,0,1
2215,True,0,0,0,1
2216,True,0,0,0,1
2217,True,0,0,0,1
2218,True,0,0,0,1
2219,True,0,0,0,1
2220,True,0,0,0,1
2221,True,0,0,0,2
2222,True,0,0,0,0
2223,True,0,0,0,1
2224,True,0,0,0,1
2225,True,0,0,0,1
2226,True,0,0,0,0
2227,True,0,0,0,0
2228,True,0,0,0,0
2229,True,0,0,0,0
2230,True,0,0,0,2
2231,True,0,0,0,1
2232,True,0,0,0,0
2233,True,0,0,0,2
2234,True,0,0,0,2
2235,True,0,0,0,0
2236,True,0,0,0,2
2237,True,0,0,0,0
2238,True,0,0,0,2
2239,True,0,0,0,1
2240,True,0,0,0,1
2241,True,0,0,0,0
2242,True,0,0,0,1
2243,True,0,0,0,1
2244,True,0,0,0,2
2245,True,0,0,0,1
2246,True,0,0,0,1
2247,True,0,0,0,1
2248,True,0,0,0,1
2249,True,0,0,0,1
2250,True,0,0,0,1
2251,True,0,0,0,2
2252,True,0,0,0,1
2253,True,0,0,0,1
2254,True,0,0,0,2
2255,True,0,0,0,1
2256,True,0,0,0,0
2257,True,0,0,0,1
2258,True,0,0,0,1
2259,True,0,0,0,1
2260,True,0,0,0,2
2261,True,0,0,0,2
2262,True,0,0,0,1
2263,True,0,0,0,1
2264,True,0,0,0,1
2265,True,0,0,0,0
2266,True,0,0,0,1
2267,True,0,0,0,1
2268,True,0,0,0,1
2269,True,0,0,0,1
2270,True,0,0,0,1
2271,True,0,0,0,0
2272,True,0,0,0,0
2273,True,0,0,0,1
2274,True,0,0,0,2
2275,True,0,0,0,1
2276,True,0,0,0,2
2277,True,0,0,0,1
2278,True,0,0,0,0
2279,True,0,0,0,0
2280,True,0,0,0,0
2281,True,0,0,0,2
2282,True,0,0,0,1
2283,True,0,0,0,1
2284,True,0,0,0,1
2285,True,0,0,0,1
2286,True,0,0,0,1
2287,True,0,0,0,0
2288,True,0,0,0,1
2289,True,0,0,0,2
2290,True,0,0,0,0
2291,True,0,0,0,2
2292,True,0,0,0,2
2293,True,0,0,0,1
2294,True,0,0,0,1
2295,True,0,0,0,1
2296,True,0,0,0,1
2297,True,0,0,0,2
2298,True,0,0,0,1
2299,True,0,0,0,1
2300,True,0,0,0,1
2301,True,0,0,0,0
2302,True,0,0,0,2
2303,True,0,0,0,1
2304,True,0,0,0,0
2305,True,0,0,0,2
2306,True,0,0,0,2
2307,True,0,0,0,0
2308,True,0,0,0,0
2309,True,0,0,0,1
2310,True,0,0,0,2
2311,True,0,0,0,1
2312,True,0,0,0,2
2313,True,0,0,0,1
2314,True,0,0,0,1
2315,True,0,0,0,1
2316,True,0,0,0,0
2317,True,0,0,0,0
2318,True,0,0,0,1
2319,True,0,0,0,0
2320,True,0,0,0,1
2321,True,0,0,0,1
2322,True,0,0,0,1
2323,True,0,0,0,0
2324,True,0,0,0,0
2325,True,0,0,0,1
2326,True,0,0,0,0
2327,True,0,0,0,1
2328,True,0,0,0,2
2329,True,0,0,0,2
2330,True,0,0,0,1
2331,True,0,0,0,1
2332,True,0,0,0,1
2333,True,0,0,0,0
2334,True,0,0,0,1
2335,True,0,0,0,1
2336,True,0,0,0,0
2337,True,0,0,0,1
2338,True,0,0,0,0
2339,True,0,0,0,0
2340,True,0,0,0,1
2341,True,0,0,0,1
2342,True,0,0,0,0
2343,True,0,0,0,2
2344,True,0,0,0,1
2345,True,0,0,0,0
2346,True,0,0,0,1
2347,True,0,0,0,2
2348,True,0,0,0,0
2349,True,0,0,0,0
2350,True,0,0,0,1
2351,True,0,0,0,2
2352,True,0,0,0,2
2353,True,0,0,0,2
2354,True,0,0,0,1
2355,True,0,0,0,1
2356,True,0,0,0,0
2357,True,0,0,0,0
2358,True,0,0,0,1
2359,True,0,0,0,0
2360,True,0,0,0,1
2361,True,0,0,0,2
2362,True,0,0,0,2
2363,True,0,0,0,1
2364,True,0,0,0,0
2365,True,0,0,0,0
2366,True,0,0,0,1
2367,True,0,0,0,1
2368,True,0,0,0,0
2369,True,0,0,0,0
2370,True,0,0,0,0
2371,True,0,0,0,0
2372,True,0,0,0,0
2373,True,0,0,0,1
2374,True,0,0,0,1
2375,True,0,0,0,1
2376,True,0,0,0,0
2377,True,0,0,0,2
2378,True,0,0,0,1
2379,True,0,0,0,1
2380,True,0,0,0,1
2381,True,0,0,0,1
2382,True,0,0,0,2
2383,True,0,0,0,2
2384,True,0,0,0,2
2385,True,0,0,0,1
2386,True,0,0,0,1
2387,True,0,0,0,1
2388,True,0,0,0,1
2389,True,0,0,0,1
2390,True,0,0,0,1
2391,True,0,0,0,2
2392,True,0,0,0,1
2393,True,0,0,0,2
2394,True,0,0,0,2
2395,True,0,0,0,0
2396,True,0,0,0,2
2397,True,0,0,0,1
2398,True,0,0,0,2
2399,True,0,0,0,0
2400,True,0,0,0,2
2401,True,0,0,0,1
2402,True,0,0,0,2
2403,True,0,0,0,1
2404,True,0,0,0,0
2405,True,0,0,0,1
2406,True,0,0,0,0
2407,True,0,0,0,0
2408,True,0,0,0,1
2409,True,0,0,0,1
2410,True,0,0,0,1
2411,True,0,0,0,1
2412,True,0,0,0,1
2413,True,0,0,0,2
2414,True,0,0,0,1
2415,True,0,0,0,0
2416,True,0,0,0,1
2417,True,0,0,0,2
2418,True,0,0,0,1
2419,True,0,0,0,0
2420,True,0,0,0,0
2421,True,0,0,0,1
2422,True,0,0,0,1
2423,True,0,0,0,1
2424,True,0,0,0,0
2425,True,0,0,0,0
2426,True,0,0,0,0
2427,True,0,0,0,1
2428,True,0,0,0,1
2429,True,0,0,0,1
2430,True,0,0,0,1
2431,True,0,0,0,1
2432,True,0,0,0,1
2433,True,0,0,0,1
2434,True,0,0,0,1
2435,True,0,0,0,2
2436,True,0,0,0,1
2437,True,0,0,0,2
2438,True,0,0,0,1
2439,True,0,0,0,1
2440,True,0,0,0,1
2441,True,0,0,0,2
2442,True,0,0,0,1
2443,True,0,0,0,2
2444,True,0,0,0,1
2445,True,0,0,0,1
2446,True,0,0,0,2
2447,True,0,0,0,0
2448,True,0,0,0,2
2449,True,0,0,0,1
2450,True,0,0,0,1
2451,True,0,0,0,1
2452,True,0,0,0,0
2453,True,0,0,0,1
2454,True,0,0,0,2
2455,True,0,0,0,1
2456,True,0,0,0,0
2457,True,0,0,0,0
2458,True,0,0,0,1
2459,True,0,0,0,0
2460,True,0,0,0,1
2461,True,0,0,0,2
2462,True,0,0,0,1
2463,True,0,0,0,1
2464,True,0,0,0,0
2465,True,0,0,0,1
2466,True,0,0,0,1
2467,True,0,0,0,0
2468,True,0,0,0,1
2469,True,0,0,0,0
2470,True,0,0,0,1
2471,True,0,0,0,0
2472,True,0,0,0,1
2473,True,0,0,0,0
2474,True,0,0,0,1
2475,True,0,0,0,1
2476,True,0,0,0,0
2477,True,0,0,0,1
2478,True,0,0,0,2
2479,True,0,0,0,1
2480,True,0,0,0,0
2481,True,0,0,0,0
2482,True,0,0,0,1
2483,True,0,0,0,1
2484,True,0,0,0,2
2485,True,0,0,0,2
2486,True,0,0,0,1
2487,True,0,0,0,0
2488,True,0,0,0,1
2489,True,0,0,0,1
2490,True,0,0,0,2
2491,True,0,0,0,0
2492,True,0,0,0,2
2493,True,0,0,0,0
2494,True,0,0,0,1
2495,True,0,0,0,1
2496,True,0,0,0,1
2497,True,0,0,0,1
2498,True,0,0,0,1
2499,True,0,0,0,1
2500,True,0,0,0,1
2501,True,0,0,0,0
2502,True,0,0,0,1
2503,True,0,0,0,2
2504,True,0,0,0,1
2505,True,0,0,0,2
2506,True,0,0,0,0
2507,True,0,0,0,1
2508,True,0,0,0,2
2509,True,0,0,0,1
2510,True,0,0,0,1
2511,True,0,0,0,1
2512,True,0,0,0,1
2513,True,0,0,0,1
2514,True,0,0,0,1
2515,True,0,0,0,2
2516,True,0,0,0,2
2517,True,0,0,0,2
2518,True,0,0,0,1
2519,True,0,0,0,1
2520,True,0,0,0,2
2521,True,0,0,0,1
2522,True,0,0,0,0
2523,True,0,0,0,1
2524,True,0,0,0,1
2525,True,0,0,0,2
2526,True,0,0,0,0
2527,True,0,0,0,2
2528,True,0,0,0,2
2529,True,0,0,0,0
2530,True,0,0,0,1
2531,True,0,0,0,1
2532,True,0,0,0,0
2533,True,0,0,0,1
2534,True,0,0,0,1
2535,True,0,0,0,1
2536,True,0,0,0,1
2537,True,0,0,0,0
2538,True,0,0,0,1
2539,True,0,0,0,2
2540,True,0,0,0,0
2541,True,0,0,0,1
2542,True,0,0,0,2
2543,True,0,0,0,1
2544,True,0,0,0,2
2545,True,0,0,0,2
2546,True,0,0,0,2
2547,True,0,0,0,2
2548,True,0,0,0,1
2549,True,0,0,0,1
2550,True,0,0,0,1
2551,True,0,0,0,1
2552,True,0,0,0,1
2553,True,0,0,0,2
2554,True,0,0,0,0
2555,True,0,0,0,0
2556,True,0,0,0,2
2557,True,0,0,0,1
2558,True,0,0,0,1
2559,True,0,0,0,0
2560,True,0,0,0,1
2561,True,0,0,0,2
2562,True,0,0,0,1
2563,True,0,0,0,2
2564,True,0,0,0,2
2565,True,0,0,0,0
2566,True,0,0,0,1
2567,True,0,0,0,0
2568,True,0,0,0,1
2569,True,0,0,0,0
2570,True,0,0,0,1
2571,True,0,0,0,1
2572,True,0,0,0,2
2573,True,0,0,0,1
2574,True,0,0,0,1
2575,True,0,0,0,2
2576,True,0,0,0,1
2577,True,0,0,0,1
2578,True,0,0,0,0
2579,True,0,0,0,0
2580,True,0,0,0,1
2581,True,0,0,0,0
2582,True,0,0,0,0
2583,True,0,0,0,2
2584,True,0,0,0,1
2585,True,0,0,0,2
2586,True,0,0,0,2
2587,True,0,0,0,1
2588,True,0,0,0,0
2589,True,0,0,0,1
2590,True,0,0,0,0
2591,True,0,0,0,1
2592,True,0,0,0,2
2593,True,0,0,0,0
2594,True,0,0,0,1
2595,True,0,0,0,1
2596,True,0,0,0,1
2597,True,0,0,0,2
2598,True,0,0,0,1
2599,True,0,0,0,0
2600,True,0,0,0,1
2601,True,0,0,0,2
2602,True,0,0,0,0
2603,True,0,0,0,2
2604,True,0,0,0,2
2605,True,0,0,0,2
2606,True,0,0,0,0
2607,True,0,0,0,0
2608,True,0,0,0,1
2609,True,0,0,0,0
2610,True,0,0,0,1
2611,True,0,0,0,1
2612,True,0,0,0,1
2613,True,0,0,0,0
2614,True,0,0,0,1
2615,True,0,0,0,1
2616,True,0,0,0,2
2617,True,0,0,0,1
2618,True,0,0,0,2
2619,True,0,0,0,0
2620,True,0,0,0,2
2621,True,0,0,0,0
2622,True,0,0,0,1
2623,True,0,0,0,1
2624,True,0,0,0,1
2625,True,0,0,0,1
2626,True,0,0,0,2
2627,True,0,0,0,2
2628,True,0,0,0,0
2629,True,0,0,0,2
2630,True,0,0,0,2
2631,True,0,0,0,0
2632,True,0,0,0,1
2633,True,0,0,0,1
2634,True,0,0,0,2
2635,True,0,0,0,2
2636,True,0,0,0,1
2637,True,0,0,0,1
2638,True,0,0,0,2
2639,True,0,0,0,2
2640,True,0,0,0,2
2641,True,0,0,0,2
2642,True,0,0,0,2
2643,True,0,0,0,2
2644,True,0,0,0,1
2645,True,0,0,0,2
2646,True,0,0,0,1
2647,True,0,0,0,1
2648,True,0,0,0,2
2649,True,0,0,0,1
2650,True,0,0,0,2
2651,True,0,0,0,1
2652,True,0,0,0,0
2653,True,0,0,0,2
2654,True,0,0,0,1
2655,True,0,0,0,2
2656,True,0,0,0,2
2657,True,0,0,0,1
2658,True,0,0,0,0
2659,True,0,0,0,2
2660,True,0,0,0,0
2661,True,0,0,0,0
2662,True,0,0,0,2
2663,True,0,0,0,2
2664,True,0,0,0,0
2665,True,0,0,0,1
2666,True,0,0,0,1
2667,True,0,0,0,2
2668,True,0,0,0,1
2669,True,0,0,0,1
2670,True,0,0,0,1
2671,True,0,0,0,0
2672,True,0,0,0,0
2673,True,0,0,0,1
2674,True,0,0,0,2
2675,True,0,0,0,1
2676,True,0,0,0,1
2677,True,0,0,0,0
2678,True,0,0,0,2
2679,True,0,0,0,2
2680,True,0,0,0,1
2681,True,0,0,0,2
2682,True,0,0,0,1
2683,True,0,0,0,1
2684,True,0,0,0,0
2685,True,0,0,0,2
2686,True,0,0,0,0
2687,True,0,0,0,1
2688,True,0,0,0,0
2689,True,0,0,0,1
2690,True,0,0,0,1
2691,True,0,0,0,1
2692,True,0,0,0,1
2693,True,0,0,0,1
2694,True,0,0,0,0
2695,True,0,0,0,2
2696,True,0,0,0,1
2697,True,0,0,0,2
2698,True,0,0,0,0
2699,True,0,0,0,1
2700,True,0,0,0,1
2701,True,0,0,0,1
2702,True,0,0,0,1
2703,True,0,0,0,2
2704,True,0,0,0,1
2705,True,0,0,0,1
2706,True,0,0,0,0
2707,True,0,0,0,2
2708,True,0,0,0,1
2709,True,0,0,0,2
2710,True,0,0,0,2
2711,True,0,0,0,0
2712,True,0,0,0,1
2713,True,0,0,0,1
2714,True,0,0,0,1
2715,True,0,0,0,1
2716,True,0,0,0,1
2717,True,0,0,0,0
2718,True,0,0,0,0
2719,True,0,0,0,2
2720,True,0,0,0,2
2721,True,0,0,0,1
2722,True,0,0,0,1
2723,True,0,0,0,0
2724,True,0,0,0,0
2725,True,0,0,0,0
2726,True,0,0,0,1
2727,True,0,0,0,1
2728,True,0,0,0,1
2729,True,0,0,0,1
2730,True,0,0,0,0
2731,True,0,0,0,2
2732,True,0,0,0,1
2733,True,0,0,0,1
2734,True,0,0,0,2
2735,True,0,0,0,0
2736,True,0,0,0,1
2737,True,0,0,0,1
2738,True,0,0,0,2
2739,True,0,0,0,2
2740,True,0,0,0,1
2741,True,0,0,0,2
2742,True,0,0,0,1
2743,True,0,0,0,1
2744,True,0,0,0,1
2745,True,0,0,0,0
2746,True,0,0,0,1
2747,True,0,0,0,0
2748,True,0,0,0,1
2749,True,0,0,0,0
2750,True,0,0,0,1
2751,True,0,0,0,0
2752,True,0,0,0,1
2753,True,0,0,0,1
2754,True,0,0,0,0
2755,True,0,0,0,1
2756,True,0,0,0,2
2757,True,0,0,0,1
2758,True,0,0,0,2
2759,True,0,0,0,1
2760,True,0,0,0,1
2761,True,0,0,0,2
2762,True,0,0,0,2
2763,True,0,0,0,1
2764,True,0,0,0,1
2765,True,0,0,0,1
2766,True,0,0,0,0
2767,True,0,0,0,0
2768,True,0,0,0,0
2769,True,0,0,0,1
2770,True,0,0,0,0
2771,True,0,0,0,0
2772,True,0,0,0,1
2773,True,0,0,0,0
2774,True,0,0,0,2
2775,True,0,0,0,1
2776,True,0,0,0,1
2777,True,0,0,0,0
2778,True,0,0,0,2
2779,True,0,0,0,2
2780,True,0,0,0,1
2781,True,0,0,0,1
2782,True,0,0,0,0
2783,True,0,0,0,2
2784,True,0,0,0,2
2785,True,0,0,0,0
2786,True,0,0,0,0
2787,True,0,0,0,1
2788,True,0,0,0,0
2789,True,0,0,0,0
2790,True,0,0,0,1
2791,True,0,0,0,1
2792,True,0,0,0,0
2793,True,0,0,0,1
2794,True,0,0,0,0
2795,True,0,0,0,1
2796,True,0,0,0,0
2797,True,0,0,0,2
2798,True,0,0,0,1
2799,True,0,0,0,0
2800,True,0,0,0,1
2801,True,0,0,0,1
2802,True,0,0,0,2
2803,True,0,0,0,0
2804,True,0,0,0,1
2805,True,0,0,0,2
2806,True,0,0,0,1
2807,True,0,0,0,0
2808,True,0,0,0,2
2809,True,0,0,0,1
2810,True,0,0,0,1
2811,True,0,0,0,2
2812,True,0,0,0,0
2813,True,0,0,0,1
2814,True,0,0,0,2
2815,True,0,0,0,2
2816,True,0,0,0,0
2817,True,0,0,0,1
2818,True,0,0,0,2
2819,True,0,0,0,1
2820,True,0,0,0,1
2821,True,0,0,0,1
2822,True,0,0,0,0
2823,True,0,0,0,1
2824,True,0,0,0,1
2825,True,0,0,0,1
2826,True,0,0,0,2
2827,True,0,0,0,1
2828,True,0,0,0,1
2829,True,0,0,0,1
2830,True,0,0,0,1
2831,True,0,0,0,1
2832,True,0,0,0,2
2833,True,0,0,0,1
2834,True,0,0,0,1
2835,True,0,0,0,1
2836,True,0,0,0,2
2837,True,0,0,0,0
2838,True,0,0,0,2
2839,True,0,0,0,1
2840,True,0,0,0,2
2841,True,0,0,0,2
2842,True,0,0,0,1
2843,True,0,0,0,1
2844,True,0,0,0,1
2845,True,0,0,0,2
2846,True,0,0,0,1
2847,True,0,0,0,2
2848,True,0,0,0,0
2849,True,0,0,0,1
2850,True,0,0,0,1
2851,True,0,0,0,1
2852,True,0,0,0,1
2853,True,0,0,0,2
2854,True,0,0,0,0
2855,True,0,0,0,1
2856,True,0,0,0,2
2857,True,0,0,0,0
2858,True,0,0,0,1
2859,True,0,0,0,2
2860,True,0,0,0,1
2861,True,0,0,0,2
2862,True,0,0,0,0
2863,True,0,0,0,2
2864,True,0,0,0,1
2865,True,0,0,0,2
2866,True,0,0,0,2
2867,True,0,0,0,1
2868,True,0,0,0,0
2869,True,0,0,0,2
2870,True,0,0,0,1
2871,True,0,0,0,2
2872,True,0,0,0,1
2873,True,0,0,0,1
2874,True,0,0,0,2
2875,True,0,0,0,1
2876,True,0,0,0,1
2877,True,0,0,0,0
2878,True,0,0,0,0
2879,True,0,0,0,0
2880,True,0,0,0,0
2881,True,0,0,0,1
2882,True,0,0,0,1
2883,True,0,0,0,1
2884,True,0,0,0,1
2885,True,0,0,0,1
2886,True,0,0,0,2
2887,True,0,0,0,1
2888,True,0,0,0,1
2889,True,0,0,0,2
2890,True,0,0,0,0
2891,True,0,0,0,2
2892,True,0,0,0,0
2893,True,0,0,0,0
2894,True,0,0,0,1
2895,True,0,0,0,1
2896,True,0,0,0,2
2897,True,0,0,0,0
2898,True,0,0,0,1
2899,True,0,0,0,0
2900,True,0,0,0,1
2901,True,0,0,0,1
2902,True,0,0,0,2
2903,True,0,0,0,1
2904,True,0,0,0,1
2905,True,0,0,0,0
2906,True,0,0,0,0
2907,True,0,0,0,1
2908,True,0,0,0,0
2909,True,0,0,0,1
2910,True,0,0,0,1
2911,True,0,0,0,1
2912,True,0,0,0,1
2913,True,0,0,0,0
2914,True,0,0,0,0
2915,True,0,0,0,2
2916,True,0,0,0,1
2917,True,0,0,0,0
2918,True,0,0,0,0
2919,True,0,0,0,1
2920,True,0,0,0,1
2921,True,0,0,0,1
2922,True,0,0,0,2
2923,True,0,0,0,0
2924,True,0,0,0,1
2925,True,0,0,0,2
2926,True,0,0,0,2
2927,True,0,0,0,2
2928,True,0,0,0,1
2929,True,0,0,0,1
2930,True,0,0,0,1
2931,True,0,0,0,0
2932,True,0,0,0,1
2933,True,0,0,0,1
2934,True,0,0,0,0
2935,True,0,0,0,2
2936,True,0,0,0,1
2937,True,0,0,0,1
2938,True,0,0,0,0
2939,True,0,0,0,1
2940,True,0,0,0,1
2941,True,0,0,0,1
2942,True,0,0,0,1
2943,True,0,0,0,2
2944,True,0,0,0,0
2945,True,0,0,0,1
2946,True,0,0,0,1
2947,True,0,0,0,1
2948,True,0,0,0,0
2949,True,0,0,0,1
2950,True,0,0,0,1
2951,True,0,0,0,1
2952,True,0,0,0,2
2953,True,0,0,0,2
2954,True,0,0,0,2
2955,True,0,0,0,1
2956,True,0,0,0,2
2957,True,0,0,0,1
2958,True,0,0,0,2
2959,True,0,0,0,2
2960,True,0,0,0,1
2961,True,0,0,0,1
2962,True,0,0,0,1
2963,True,0,0,0,1
2964,True,0,0,0,0
2965,True,0,0,0,2
2966,True,0,0,0,2
2967,True,0,0,0,2
2968,True,0,0,0,1
2969,True,0,0,0,0
2970,True,0,0,0,1
2971,True,0,0,0,0
2972,True,0,0,0,2
2973,True,0,0,0,2
2974,True,0,0,0,0
2975,True,0,0,0,0
2976,True,0,0,0,1
2977,True,0,0,0,0
2978,True,0,0,0,1
2979,True,0,0,0,2
2980,True,0,0,0,2
2981,True,0,0,0,0
2982,True,0,0,0,1
2983,True,0,0,0,1
2984,True,0,0,0,1
2985,True,0,0,0,2
2986,True,0,0,0,0
2987,True,0,0,0,1
2988,True,0,0,0,0
2989,True,0,0,0,2
2990,True,0,0,0,1
2991,True,0,0,0,1
2992,True,0,0,0,2
2993,True,0,0,0,2
2994,True,0,0,0,2
2995,True,0,0,0,2
2996,True,0,0,0,2
2997,True,0,0,0,0
2998,True,0,0,0,1
2999,True,0,0,0,0
3000,True,0,0,0,1
3001,True,0,0,0,1
3002,True,0,0,0,1
3003,True,0,0,0,2
3004,True,0,0,0,0
3005,True,0,0,0,0
3006,True,0,0,0,0
3007,True,0,0,0,1
3008,True,0,0,0,1
3009,True,0,0,0,1
3010,True,0,0,0,1
3011,True,0,0,0,1
3012,True,0,0,0,0
3013,True,0,0,0,1
3014,True,0,0,0,1
3015,True,0,0,0,1
3016,True,0,0,0,1
3017,True,0,0,0,2
3018,True,0,0,0,2
3019,True,0,0,0,1
3020,True,0,0,0,1
3021,True,0,0,0,2
3022,True,0,0,0,0
3023,True,0,0,0,0
3024,True,0,0,0,1
3025,True,0,0,0,0
3026,True,0,0,0,1
3027,True,0,0,0,1
3028,True,0,0,0,2
3029,True,0,0,0,2
3030,True,0,0,0,2
3031,True,0,0,0,2
3032,True,0,0,0,1
3033,True,0,0,0,2
3034,True,0,0,0,1
3035,True,0,0,0,0
3036,True,0,0,0,2
3037,True,0,0,0,1
3038,True,0,0,0,0
3039,True,0,0,0,2
3040,True,0,0,0,1
3041,True,0,0,0,2
3042,True,0,0,0,0
3043,True,0,0,0,2
3044,True,0,0,0,1
3045,True,0,0,0,1
3046,True,0,0,0,1
3047,True,0,0,0,0
3048,True,0,0,0,1
3049,True,0,0,0,2
3050,True,0,0,0,0
3051,True,0,0,0,0
3052,True,0,0,0,1
3053,True,0,0,0,2
3054,True,0,0,0,2
3055,True,0,0,0,2
3056,True,0,0,0,0
3057,True,0,0,0,1
3058,True,0,0,0,1
3059,True,0,0,0,1
3060,True,0,0,0,2
3061,True,0,0,0,2
3062,True,0,0,0,2
3063,True,0,0,0,2
3064,True,0,0,0,0
3065,True,0,0,0,1
3066,True,0,0,0,2
3067,True,0,0,0,0
3068,True,0,0,0,1
3069,True,0,0,0,2
3070,True,0,0,0,1
3071,True,0,0,0,2
3072,True,0,0,0,2
3073,True,0,0,0,0
3074,True,0,0,0,0
3075,True,0,0,0,1
3076,True,0,0,0,2
3077,True,0,0,0,1
3078,True,0,0,0,2
3079,True,0,0,0,1
3080,True,0,0,0,2
3081,True,0,0,0,1
3082,True,0,0,0,1
3083,True,0,0,0,1
3084,True,0,0,0,0
3085,True,0,0,0,1
3086,True,0,0,0,0
3087,True,0,0,0,0
3088,True,0,0,0,0
3089,True,0,0,0,1
3090,True,0,0,0,0
3091,True,0,0,0,1
3092,True,0,0,0,1
3093,True,0,0,0,2
3094,True,0,0,0,1
3095,True,0,0,0,1
3096,True,0,0,0,2
3097,True,0,0,0,0
3098,True,0,0,0,2
3099,True,0,0,0,2
3100,True,0,0,0,2
3101,True,0,0,0,1
3102,True,0,0,0,1
3103,True,0,0,0,1
3104,True,0,0,0,2
3105,True,0,0,0,1
3106,True,0,0,0,2
3107,True,0,0,0,1
3108,True,0,0,0,1
3109,True,0,0,0,1
3110,True,0,0,0,1
3111,True,0,0,0,1
3112,True,0,0,0,0
3113,True,0,0,0,1
3114,True,0,0,0,2
3115,True,0,0,0,1
3116,True,0,0,0,1
3117,True,0,0,0,0
3118,True,0,0,0,1
3119,True,0,0,0,2
3120,True,0,0,0,0
3121,True,0,0,0,1
3122,True,0,0,0,1
3123,True,0,0,0,1
3124,True,0,0,0,1
3125,True,0,0,0,1
3126,True,0,0,0,2
3127,True,0,0,0,1
3128,True,0,0,0,1
3129,True,0,0,0,0
3130,True,0,0,0,1
3131,True,0,0,0,2
3132,True,0,0,0,2
3133,True,0,0,0,1
3134,True,0,0,0,0
3135,True,0,0,0,1
3136,True,0,0,0,2
3137,True,0,0,0,2
3138,True,0,0,0,1
3139,True,0,0,0,1
3140,True,0,0,0,0
3141,True,0,0,0,0
3142,True,0,0,0,1
3143,True,0,0,0,0
3144,True,0,0,0,2
3145,True,0,0,0,2
3146,True,0,0,0,2
3147,True,0,0,0,1
3148,True,0,0,0,1
3149,True,0,0,0,1
3150,True,0,0,0,2
3151,True,0,0,0,1
3152,True,0,0,0,1
3153,True,0,0,0,1
3154,True,0,0,0,0
3155,True,0,0,0,1
3156,True,0,0,0,1
3157,True,0,0,0,2
3158,True,0,0,0,1
3159,True,0,0,0,1
3160,True,0,0,0,1
3161,True,0,0,0,2
3162,True,0,0,0,1
3163,True,0,0,0,0
3164,True,0,0,0,1
3165,True,0,0,0,0
3166,True,0,0,0,1
3167,True,0,0,0,2
3168,True,0,0,0,2
3169,True,0,0,0,1
3170,True,0,0,0,1
3171,True,0,0,0,0
3172,True,0,0,0,0
3173,True,0,0,0,0
3174,True,0,0,0,2
3175,True,0,0,0,1
3176,True,0,0,0,2
3177,True,0,0,0,1
3178,True,0,0,0,1
3179,True,0,0,0,0
3180,True,0,0,0,1
3181,True,0,0,0,2
3182,True,0,0,0,0
3183,True,0,0,0,1
3184,True,0,0,0,1
3185,True,0,0,0,1
3186,True,0,0,0,1
3187,True,0,0,0,0
3188,True,0,0,0,1
3189,True,0,0,0,1
3190,True,0,0,0,1
3191,True,0,0,0,1
3192,True,0,0,0,1
3193,True,0,0,0,1
3194,True,0,0,0,0
3195,True,0,0,0,0
3196,True,0,0,0,1
3197,True,0,0,0,1
3198,True,0,0,0,0
3199,True,0,0,0,1
3200,True,0,0,0,1
3201,True,0,0,0,2
3202,True,0,0,0,1
3203,True,0,0,0,1
3204,True,0,0,0,1
3205,True,0,0,0,1
3206,True,0,0,0,1
3207,True,0,0,0,1
3208,True,0,0,0,1
3209,True,0,0,0,1
3210,True,0,0,0,1
3211,True,0,0,0,1
3212,True,0,0,0,0
3213,True,0,0,0,0
3214,True,0,0,0,2
3215,True,0,0,0,0
3216,True,0,0,0,1
3217,True,0,0,0,2
3218,True,0,0,0,0
3219,True,0,0,0,0
3220,True,0,0,0,1
3221,True,0,0,0,1
3222,True,0,0,0,2
3223,True,0,0,0,0
3224,True,0,0,0,2
3225,True,0,0,0,0
3226,True,0,0,0,1
3227,True,0,0,0,2
3228,True,0,0,0,1
3229,True,0,0,0,0
3230,True,0,0,0,1
3231,True,0,0,0,1
3232,True,0,0,0,1
3233,True,0,0,0,0
3234,True,0,0,0,1
3235,True,0,0,0,1
3236,True,0,0,0,2
3237,True,0,0,0,0
3238,True,0,0,0,1
3239,True,0,0,0,1
3240,True,0,0,0,0
3241,True,0,0,0,1
3242,True,0,0,0,1
3243,True,0,0,0,2
3244,True,0,0,0,2
3245,True,0,0,0,1
3246,True,0,0,0,1
3247,True,0,0,0,2
3248,True,0,0,0,1
3249,True,0,0,0,1
3250,True,0,0,0,1
3251,True,0,0,0,2
3252,True,0,0,0,0
3253,True,0,0,0,2
3254,True,0,0,0,1
3255,True,0,0,0,1
3256,True,0,0,0,1
3257,True,0,0,0,1
3258,True,0,0,0,0
3259,True,0,0,0,1
3260,True,0,0,0,2
3261,True,0,0,0,0
3262,True,0,0,0,1
3263,True,0,0,0,0
3264,True,0,0,0,0
3265,True,0,0,0,1
3266,True,0,0,0,2
3267,True,0,0,0,1
3268,True,0,0,0,2
3269,True,0,0,0,1
3270,True,0,0,0,1
3271,True,0,0,0,1
3272,True,0,0,0,1
3273,True,0,0,0,2
3274,True,0,0,0,1
3275,True,0,0,0,2
3276,True,0,0,0,1
3277,True,0,0,0,1
3278,True,0,0,0,1
3279,True,0,0,0,1
3280,True,0,0,0,1
3281,True,0,0,0,2
3282,True,0,0,0,1
3283,True,0,0,0,1
3284,True,0,0,0,2
3285,True,0,0,0,0
3286,True,0,0,0,1
3287,True,0,0,0,2
3288,True,0,0,0,0
3289,True,0,0,0,2
3290,True,0,0,0,1
3291,True,0,0,0,1
3292,True,0,0,0,1
3293,True,0,0,0,1
3294,True,0,0,0,2
3295,True,0,0,0,0
3296,True,0,0,0,1
3297,True,0,0,0,1
3298,True,0,0,0,1
3299,True,0,0,0,1
3300,True,0,0,0,0
3301,True,0,0,0,1
3302,True,0,0,0,1
3303,True,0,0,0,1
3304,True,0,0,0,1
3305,True,0,0,0,1
3306,True,0,0,0,2
3307,True,0,0,0,1
3308,True,0,0,0,1
3309,True,0,0,0,1
3310,True,0,0,0,1
3311,True,0,0,0,2
3312,True,0,0,0,1
3313,True,0,0,0,1
3314,True,0,0,0,1
3315,True,0,0,0,1
3316,True,0,0,0,1
3317,True,0,0,0,0
3318,True,0,0,0,0
3319,True,0,0,0,1
3320,True,0,0,0,2
3321,True,0,0,0,1
3322,True,0,0,0,0
3323,True,0,0,0,2
3324,True,0,0,0,1
3325,True,0,0,0,2
3326,True,0,0,0,2
3327,True,0,0,0,0
3328,True,0,0,0,2
3329,True,0,0,0,2
3330,True,0,0,0,0
3331,True,0,0,0,0
3332,True,0,0,0,1
3333,True,0,0,0,1
3334,True,0,0,0,2
3335,True,0,0,0,2
3336,True,0,0,0,1
3337,True,0,0,0,0
3338,True,0,0,0,1
3339,True,0,0,0,1
3340,True,0,0,0,0
3341,True,0,0,0,0
3342,True,0,0,0,1
3343,True,0,0,0,2
3344,True,0,0,0,0
3345,True,0,0,0,1
3346,True,0,0,0,1
3347,True,0,0,0,1
3348,True,0,0,0,0
3349,True,0,0,0,1
3350,True,0,0,0,1
3351,True,0,0,0,1
3352,True,0,0,0,1
3353,True,0,0,0,2
3354,True,0,0,0,1
3355,True,0,0,0,1
3356,True,0,0,0,0
3357,True,0,0,0,1
3358,True,0,0,0,2
3359,True,0,0,0,0
3360,True,0,0,0,1
3361,True,0,0,0,1
3362,True,0,0,0,0
3363,True,0,0,0,1
3364,True,0,0,0,2
3365,True,0,0,0,1
3366,True,0,0,0,1
3367,True,0,0,0,0
3368,True,0,0,0,1
3369,True,0,0,0,0
3370,True,0,0,0,0
3371,True,0,0,0,0
3372,True,0,0,0,1
3373,True,0,0,0,0
3374,True,0,0,0,1
3375,True,0,0,0,0
3376,True,0,0,0,2
3377,True,0,0,0,2
3378,True,0,0,0,1
3379,True,0,0,0,0
3380,True,0,0,0,1
3381,True,0,0,0,0
3382,True,0,0,0,0
3383,True,0,0,0,0
3384,True,0,0,0,0
3385,True,0,0,0,1
3386,True,0,0,0,0
3387,True,0,0,0,0
3388,True,0,0,0,1
3389,True,0,0,0,1
3390,True,0,0,0,1
3391,True,0,0,0,2
3392,True,0,0,0,1
3393,True,0,0,0,1
3394,True,0,0,0,2
3395,True,0,0,0,1
3396,True,0,0,0,2
3397,True,0,0,0,1
3398,True,0,0,0,1
3399,True,0,0,0,2
3400,True,0,0,0,1
3401,True,0,0,0,0
3402,True,0,0,0,1
3403,True,0,0,0,1
3404,True,0,0,0,1
3405,True,0,0,0,0
3406,True,0,0,0,2
3407,True,0,0,0,2
3408,True,0,0,0,1
3409,True,0,0,0,0
3410,True,0,0,0,1
3411,True,0,0,0,1
3412,True,0,0,0,1
3413,True,0,0,0,2
3414,True,0,0,0,0
3415,True,0,0,0,1
3416,True,0,0,0,1
3417,True,0,0,0,0
3418,True,0,0,0,0
3419,True,0,0,0,1
3420,True,0,0,0,1
3421,True,0,0,0,1
3422,True,0,0,0,1
3423,True,0,0,0,0
3424,True,0,0,0,0
3425,True,0,0,0,2
3426,True,0,0,0,1
3427,True,0,0,0,1
3428,True,0,0,0,1
3429,True,0,0,0,0
3430,True,0,0,0,1
3431,True,0,0,0,0
3432,True,0,0,0,2
3433,True,0,0,0,1
3434,True,0,0,0,1
3435,True,0,0,0,1
3436,True,0,0,0,2
3437,True,0,0,0,2
3438,True,0,0,0,1
3439,True,0,0,0,0
3440,True,0,0,0,1
3441,True,0,0,0,1
3442,True,0,0,0,0
3443,True,0,0,0,2
3444,True,0,0,0,1
3445,True,0,0,0,1
3446,True,0,0,0,0
3447,True,0,0,0,1
3448,True,0,0,0,2
3449,True,0,0,0,1
3450,True,0,0,0,1
3451,True,0,0,0,0
3452,True,0,0,0,0
3453,True,0,0,0,2
3454,True,0,0,0,0
3455,True,0,0,0,1
3456,True,0,0,0,1
3457,True,0,0,0,1
3458,True,0,0,0,2
3459,True,0,0,0,1
3460,True,0,0,0,1
3461,True,0,0,0,1
3462,True,0,0,0,2
3463,True,0,0,0,2
3464,True,0,0,0,2
3465,True,0,0,0,1
3466,True,0,0,0,2
3467,True,0,0,0,0
3468,True,0,0,0,2
3469,True,0,0,0,0
3470,True,0,0,0,0
3471,True,0,0,0,2
3472,True,0,0,0,0
3473,True,0,0,0,1
3474,True,0,0,0,1
3475,True,0,0,0,0
3476,True,0,0,0,0
3477,True,0,0,0,2
3478,True,0,0,0,2
3479,True,0,0,0,2
3480,True,0,0,0,2
3481,True,0,0,0,0
3482,True,0,0,0,2
3483,True,0,0,0,1
3484,True,0,0,0,2
3485,True,0,0,0,1
3486,True,0,0,0,2
3487,True,0,0,0,2
3488,True,0,0,0,2
3489,True,0,0,0,2
3490,True,0,0,0,2
3491,True,0,0,0,2
3492,True,0,0,0,0
3493,True,0,0,0,1
3494,True,0,0,0,1
3495,True,0,0,0,0
3496,True,0,0,0,1
3497,True,0,0,0,1
3498,True,0,0,0,1
3499,True,0,0,0,1
3500,True,0,0,0,1
3501,True,0,0,0,0
3502,True,0,0,0,1
3503,True,0,0,0,0
3504,True,0,0,0,1
3505,True,0,0,0,1
3506,True,0,0,0,1
3507,True,0,0,0,1
3508,True,0,0,0,0
3509,True,0,0,0,0
3510,True,0,0,0,2
3511,True,0,0,0,0
3512,True,0,0,0,1
3513,True,0,0,0,2
3514,True,0,0,0,1
3515,True,0,0,0,1
3516,True,0,0,0,0
3517,True,0,0,0,2
3518,True,0,0,0,1
3519,True,0,0,0,0
3520,True,0,0,0,0
3521,True,0,0,0,1
3522,True,0,0,0,1
3523,True,0,0,0,1
3524,True,0,0,0,0
3525,True,0,0,0,1
3526,True,0,0,0,1
3527,True,0,0,0,1
3528,True,0,0,0,1
3529,True,0,0,0,0
3530,True,0,0,0,2
3531,True,0,0,0,1
3532,True,0,0,0,0
3533,True,0,0,0,1
3534,True,0,0,0,1
3535,True,0,0,0,1
3536,True,0,0,0,1
3537,True,0,0,0,2
3538,True,0,0,0,1
3539,True,0,0,0,0
3540,True,0,0,0,0
3541,True,0,0,0,0
3542,True,0,0,0,0
3543,True,0,0,0,1
3544,True,0,0,0,0
3545,True,0,0,0,1
3546,True,0,0,0,2
3547,True,0,0,0,1
3548,True,0,0,0,2
3549,True,0,0,0,1
3550,True,0,0,0,1
3551,True,0,0,0,2
3552,True,0,0,0,2
3553,True,0,0,0,2
3554,True,0,0,0,1
3555,True,0,0,0,0
3556,True,0,0,0,0
3557,True,0,0,0,1
3558,True,0,0,0,2
3559,True,0,0,0,2
3560,True,0,0,0,1
3561,True,0,0,0,0
3562,True,0,0,0,1
3563,True,0,0,0,1
3564,True,0,0,0,0
3565,True,0,0,0,2
3566,True,0,0,0,1
3567,True,0,0,0,2
3568,True,0,0,0,0
3569,True,0,0,0,0
3570,True,0,0,0,0
3571,True,0,0,0,1
3572,True,0,0,0,2
3573,True,0,0,0,1
3574,True,0,0,0,1
3575,True,0,0,0,0
3576,True,0,0,0,0
3577,True,0,0,0,1
3578,True,0,0,0,2
3579,True,0,0,0,1
3580,True,0,0,0,1
3581,True,0,0,0,0
3582,True,0,0,0,1
3583,True,0,0,0,1
3584,True,0,0,0,1
3585,True,0,0,0,0
3586,True,0,0,0,2
3587,True,0,0,0,2
3588,True,0,0,0,0
3589,True,0,0,0,1
3590,True,0,0,0,0
3591,True,0,0,0,0
3592,True,0,0,0,1
3593,True,0,0,0,0
3594,True,0,0,0,2
3595,True,0,0,0,1
3596,True,0,0,0,1
3597,True,0,0,0,1
3598,True,0,0,0,1
3599,True,0,0,0,1
3600,True,0,0,0,1
3601,True,0,0,0,2
3602,True,0,0,0,0
3603,True,0,0,0,2
3604,True,0,0,0,1
3605,True,0,0,0,1
3606,True,0,0,0,1
3607,True,0,0,0,2
3608,True,0,0,0,2
3609,True,0,0,0,2
3610,True,0,0,0,1
3611,True,0,0,0,1
3612,True,0,0,0,0
3613,True,0,0,0,2
3614,True,0,0,0,1
3615,True,0,0,0,0
3616,True,0,0,0,1
3617,True,0,0,0,1
3618,True,0,0,0,1
3619,True,0,0,0,1
3620,True,0,0,0,2
3621,True,0,0,0,0
3622,True,0,0,0,1
3623,True,0,0,0,2
3624,True,0,0,0,2
3625,True,0,0,0,1
3626,True,0,0,0,1
3627,True,0,0,0,2
3628,True,0,0,0,1
3629,True,0,0,0,2
3630,True,0,0,0,0
3631,True,0,0,0,1
3632,True,0,0,0,1
3633,True,0,0,0,0
3634,True,0,0,0,0
3635,True,0,0,0,2
3636,True,0,0,0,2
3637,True,0,0,0,0
3638,True,0,0,0,0
3639,True,0,0,0,0
3640,True,0,0,0,2
3641,True,0,0,0,1
3642,True,0,0,0,2
3643,True,0,0,0,0
3644,True,0,0,0,2
3645,True,0,0,0,0
3646,True,0,0,0,1
3647,True,0,0,0,1
3648,True,0,0,0,1
3649,True,0,0,0,1
3650,True,0,0,0,1
3651,True,0,0,0,1
3652,True,0,0,0,1
3653,True,0,0,0,0
3654,True,0,0,0,1
3655,True,0,0,0,1
3656,True,0,0,0,0
3657,True,0,0,0,2
3658,True,0,0,0,1
3659,True,0,0,0,1
3660,True,0,0,0,1
3661,True,0,0,0,2
3662,True,0,0,0,0
3663,True,0,0,0,2
3664,True,0,0,0,1
3665,True,0,0,0,1
3666,True,0,0,0,1
3667,True,0,0,0,2
3668,True,0,0,0,0
3669,True,0,0,0,1
3670,True,0,0,0,1
3671,True,0,0,0,1
3672,True,0,0,0,1
3673,True,0,0,0,1
3674,True,0,0,0,1
3675,True,0,0,0,0
3676,True,0,0,0,2
3677,True,0,0,0,1
3678,True,0,0,0,2
3679,True,0,0,0,1
3680,True,0,0,0,1
3681,True,0,0,0,0
3682,True,0,0,0,1
3683,True,0,0,0,0
3684,True,0,0,0,1
3685,True,0,0,0,1
3686,True,0,0,0,2
3687,True,0,0,0,0
3688,True,0,0,0,1
3689,True,0,0,0,1
3690,True,0,0,0,1
3691,True,0,0,0,2
3692,True,0,0,0,2
3693,True,0,0,0,0
3694,True,0,0,0,1
3695,True,0,0,0,1
3696,True,0,0,0,0
3697,True,0,0,0,1
3698,True,0,0,0,2
3699,True,0,0,0,0
3700,True,0,0,0,1
3701,True,0,0,0,2
3702,True,0,0,0,0
3703,True,0,0,0,0
3704,True,0,0,0,2
3705,True,0,0,0,0
3706,True,0,0,0,1
3707,True,0,0,0,1
3708,True,0,0,0,1
3709,True,0,0,0,0
3710,True,0,0,0,1
3711,True,0,0,0,2
3712,True,0,0,0,1
3713,True,0,0,0,1
3714,True,0,0,0,0
3715,True,0,0,0,1
3716,True,0,0,0,2
3717,True,0,0,0,1
3718,True,0,0,0,0
3719,True,0,0,0,1
3720,True,0,0,0,2
3721,True,0,0,0,1
3722,True,0,0,0,1
3723,True,0,0,0,1
3724,True,0,0,0,1
3725,True,0,0,0,1
3726,True,0,0,0,1
3727,True,0,0,0,1
3728,True,0,0,0,1
3729,True,0,0,0,2
3730,True,0,0,0,1
3731,True,0,0,0,1
3732,True,0,0,0,1
3733,True,0,0,0,1
3734,True,0,0,0,1
3735,True,0,0,0,1
3736,True,0,0,0,1
3737,True,0,0,0,1
3738,True,0,0,0,0
3739,True,0,0,0,2
3740,True,0,0,0,0
3741,True,0,0,0,2
3742,True,0,0,0,0
3743,True,0,0,0,0
3744,True,0,0,0,0
3745,True,0,0,0,1
3746,True,0,0,0,0
3747,True,0,0,0,0
3748,True,0,0,0,1
3749,True,0,0,0,2
3750,True,0,0,0,2
3751,True,0,0,0,2
3752,True,0,0,0,1
3753,True,0,0,0,0
3754,True,0,0,0,2
3755,True,0,0,0,1
3756,True,0,0,0,1
3757,True,0,0,0,1
3758,True,0,0,0,0
3759,True,0,0,0,1
3760,True,0,0,0,0
3761,True,0,0,0,2
3762,True,0,0,0,1
3763,True,0,0,0,1
3764,True,0,0,0,0
3765,True,0,0,0,1
3766,True,0,0,0,1
3767,True,0,0,0,1
3768,True,0,0,0,1
3769,True,0,0,0,2
3770,True,0,0,0,2
3771,True,0,0,0,0
3772,True,0,0,0,2
3773,True,0,0,0,0
3774,True,0,0,0,2
3775,True,0,0,0,1
3776,True,0,0,0,2
3777,True,0,0,0,2
3778,True,0,0,0,1
3779,True,0,0,0,2
3780,True,0,0,0,2
3781,True,0,0,0,1
3782,True,0,0,0,1
3783,True,0,0,0,0
3784,True,0,0,0,2
3785,True,0,0,0,1
3786,True,0,0,0,1
3787,True,0,0,0,1
3788,True,0,0,0,1
3789,True,0,0,0,1
3790,True,0,0,0,1
3791,True,0,0,0,1
3792,True,0,0,0,1
3793,True,0,0,0,2
3794,True,0,0,0,1
3795,True,0,0,0,2
3796,True,0,0,0,1
3797,True,0,0,0,0
3798,True,0,0,0,1
3799,True,0,0,0,0
3800,True,0,0,0,1
3801,True,0,0,0,0
3802,True,0,0,0,1
3803,True,0,0,0,1
3804,True,0,0,0,0
3805,True,0,0,0,2
3806,True,0,0,0,2
3807,True,0,0,0,1
3808,True,0,0,0,1
3809,True,0,0,0,1
3810,True,0,0,0,0
3811,True,0,0,0,0
3812,True,0,0,0,1
3813,True,0,0,0,2
3814,True,0,0,0,2
3815,True,0,0,0,1
3816,True,0,0,0,1
3817,True,0,0,0,0
3818,True,0,0,0,1
3819,True,0,0,0,1
3820,True,0,0,0,1
3821,True,0,0,0,1
3822,True,0,0,0,1
3823,True,0,0,0,2
3824,True,0,0,0,0
3825,True,0,0,0,2
3826,True,0,0,0,1
3827,True,0,0,0,0
3828,True,0,0,0,2
3829,True,0,0,0,1
3830,True,0,0,0,2
3831,True,0,0,0,1
3832,True,0,0,0,1
3833,True,0,0,0,0
3834,True,0,0,0,2
3835,True,0,0,0,1
3836,True,0,0,0,1
3837,True,0,0,0,2
3838,True,0,0,0,1
3839,True,0,0,0,0
3840,True,0,0,0,1
3841,True,0,0,0,1
3842,True,0,0,0,0
3843,True,0,0,0,0
3844,True,0,0,0,1
3845,True,0,0,0,1
3846,True,0,0,0,1
3847,True,0,0,0,0
3848,True,0,0,0,1
3849,True,0,0,0,1
3850,True,0,0,0,1
3851,True,0,0,0,0
3852,True,0,0,0,2
3853,True,0,0,0,1
3854,True,0,0,0,1
3855,True,0,0,0,0
3856,True,0,0,0,2
3857,True,0,0,0,1
3858,True,0,0,0,1
3859,True,0,0,0,1
3860,True,0,0,0,2
3861,True,0,0,0,1
3862,True,0,0,0,1
3863,True,0,0,0,1
3864,True,0,0,0,1
3865,True,0,0,0,0
3866,True,0,0,0,2
3867,True,0,0,0,1
3868,True,0,0,0,1
3869,True,0,0,0,2
3870,True,0,0,0,0
3871,True,0,0,0,1
3872,True,0,0,0,1
3873,True,0,0,0,2
3874,True,0,0,0,1
3875,True,0,0,0,0
3876,True,0,0,0,2
3877,True,0,0,0,0
3878,True,0,0,0,1
3879,True,0,0,0,0
3880,True,0,0,0,0
3881,True,0,0,0,0
3882,True,0,0,0,1
3883,True,0,0,0,0
3884,True,0,0,0,1
3885,True,0,0,0,2
3886,True,0,0,0,0
3887,True,0,0,0,1
3888,True,0,0,0,1
3889,True,0,0,0,1
3890,True,0,0,0,2
3891,True,0,0,0,1
3892,True,0,0,0,1
3893,True,0,0,0,1
3894,True,0,0,0,1
3895,True,0,0,0,0
3896,True,0,0,0,2
3897,True,0,0,0,1
3898,True,0,0,0,1
3899,True,0,0,0,1
3900,True,0,0,0,0
3901,True,0,0,0,2
3902,True,0,0,0,1
3903,True,0,0,0,1
3904,True,0,0,0,2
3905,True,0,0,0,2
3906,True,0,0,0,0
3907,True,0,0,0,0
3908,True,0,0,0,2
3909,True,0,0,0,0
3910,True,0,0,0,1
3911,True,0,0,0,1
3912,True,0,0,0,1
3913,True,0,0,0,1
3914,True,0,0,0,0
3915,True,0,0,0,2
3916,True,0,0,0,0
3917,True,0,0,0,1
3918,True,0,0,0,2
3919,True,0,0,0,1
3920,True,0,0,0,2
3921,True,0,0,0,1
3922,True,0,0,0,1
3923,True,0,0,0,2
3924,True,0,0,0,1
3925,True,0,0,0,1
3926,True,0,0,0,1
3927,True,0,0,0,2
3928,True,0,0,0,0
3929,True,0,0,0,1
3930,True,0,0,0,1
3931,True,0,0,0,0
3932,True,0,0,0,1
3933,True,0,0,0,1
3934,True,0,0,0,1
3935,True,0,0,0,1
3936,True,0,0,0,2
3937,True,0,0,0,2
3938,True,0,0,0,0
3939,True,0,0,0,0
3940,True,0,0,0,1
3941,True,0,0,0,2
3942,True,0,0,0,0
3943,True,0,0,0,0
3944,True,0,0,0,2
3945,True,0,0,0,2
3946,True,0,0,0,0
3947,True,0,0,0,2
3948,True,0,0,0,0
3949,True,0,0,0,1
3950,True,0,0,0,1
3951,True,0,0,0,1
3952,True,0,0,0,1
3953,True,0,0,0,1
3954,True,0,0,0,1
3955,True,0,0,0,1
3956,True,0,0,0,0
3957,True,0,0,0,0
3958,True,0,0,0,1
3959,True,0,0,0,1
3960,True,0,0,0,2
3961,True,0,0,0,0
3962,True,0,0,0,0
3963,True,0,0,0,0
3964,True,0,0,0,0
3965,True,0,0,0,1
3966,True,0,0,0,0
3967,True,0,0,0,0
3968,True,0,0,0,1
3969,True,0,0,0,0
3970,True,0,0,0,1
3971,True,0,0,0,1
3972,True,0,0,0,1
3973,True,0,0,0,1
3974,True,0,0,0,1
3975,True,0,0,0,2
3976,True,0,0,0,2
3977,True,0,0,0,0
3978,True,0,0,0,1
3979,True,0,0,0,0
3980,True,0,0,0,1
3981,True,0,0,0,1
3982,True,0,0,0,1
3983,True,0,0,0,0
3984,True,0,0,0,1
3985,True,0,0,0,0
3986,True,0,0,0,0
3987,True,0,0,0,2
3988,True,0,0,0,1
3989,True,0,0,0,0
3990,True,0,0,0,0
3991,True,0,0,0,1
3992,True,0,0,0,1
3993,True,0,0,0,1
3994,True,0,0,0,2
3995,True,0,0,0,1
3996,True,0,0,0,1
3997,True,0,0,0,2
3998,True,0,0,0,1
3999,True,0,0,0,2
4000,True,0,0,0,2
4001,True,0,0,0,1
4002,True,0,0,0,2
4003,True,0,0,0,2
4004,True,0,0,0,2
4005,True,0,0,0,1
4006,True,0,0,0,1
4007,True,0,0,0,0
4008,True,0,0,0,2
4009,True,0,0,0,2
4010,True,0,0,0,1
4011,True,0,0,0,2
4012,True,0,0,0,1
4013,True,0,0,0,0
4014,True,0,0,0,2
4015,True,0,0,0,1
4016,True,0,0,0,0
4017,True,0,0,0,2
4018,True,0,0,0,2
4019,True,0,0,0,2
4020,True,0,0,0,1
4021,True,0,0,0,2
4022,True,0,0,0,1
4023,True,0,0,0,1
4024,True,0,0,0,2
4025,True,0,0,0,0
4026,True,0,0,0,2
4027,True,0,0,0,1
4028,True,0,0,0,1
4029,True,0,0,0,1
4030,True,0,0,0,2
4031,True,0,0,0,2
4032,True,0,0,0,2
4033,True,0,0,0,0
4034,True,0,0,0,0
4035,True,0,0,0,1
4036,True,0,0,0,1
4037,True,0,0,0,1
4038,True,0,0,0,2
4039,True,0,0,0,1
4040,True,0,0,0,0
4041,True,0,0,0,1
4042,True,0,0,0,2
4043,True,0,0,0,2
4044,True,0,0,0,0
4045,True,0,0,0,0
4046,True,0,0,0,1
4047,True,0,0,0,1
4048,True,0,0,0,2
4049,True,0,0,0,1
4050,True,0,0,0,2
4051,True,0,0,0,2
4052,True,0,0,0,2
4053,True,0,0,0,1
4054,True,0,0,0,1
4055,True,0,0,0,1
4056,True,0,0,0,1
4057,True,0,0,0,1
4058,True,0,0,0,1
4059,True,0,0,0,2
4060,True,0,0,0,0
4061,True,0,0,0,1
4062,True,0,0,0,1
4063,True,0,0,0,1
4064,True,0,0,0,2
4065,True,0,0,0,2
4066,True,0,0,0,0
4067,True,0,0,0,1
4068,True,0,0,0,0
4069,True,0,0,0,1
4070,True,0,0,0,1
4071,True,0,0,0,0
4072,True,0,0,0,1
4073,True,0,0,0,1
4074,True,0,0,0,0
4075,True,0,0,0,1
4076,True,0,0,0,2
4077,True,0,0,0,2
4078,True,0,0,0,0
4079,True,0,0,0,0
4080,True,0,0,0,1
4081,True,0,0,0,1
4082,True,0,0,0,1
4083,True,0,0,0,1
4084,True,0,0,0,2
4085,True,0,0,0,1
4086,True,0,0,0,1
4087,True,0,0,0,2
4088,True,0,0,0,2
4089,True,0,0,0,1
4090,True,0,0,0,1
4091,True,0,0,0,1
4092,True,0,0,0,2
4093,True,0,0,0,2
4094,True,0,0,0,1
4095,True,0,0,0,0
4096,True,0,0,0,1
4097,True,0,0,0,0
4098,True,0,0,0,1
4099,True,0,0,0,1
4100,True,0,0,0,1
4101,True,0,0,0,1
4102,True,0,0,0,0
4103,True,0,0,0,2
4104,True,0,0,0,1
4105,True,0,0,0,1
4106,True,0,0,0,2
4107,True,0,0,0,1
4108,True,0,0,0,1
4109,True,0,0,0,1
4110,True,0,0,0,2
4111,True,0,0,0,1
4112,True,0,0,0,2
4113,True,0,0,0,1
4114,True,0,0,0,2
4115,True,0,0,0,1
4116,True,0,0,0,1
4117,True,0,0,0,1
4118,True,0,0,0,0
4119,True,0,0,0,0
4120,True,0,0,0,2
4121,True,0,0,0,1
4122,True,0,0,0,1
4123,True,0,0,0,1
4124,True,0,0,0,0
4125,True,0,0,0,2
4126,True,0,0,0,1
4127,True,0,0,0,2
4128,True,0,0,0,1
4129,True,0,0,0,1
4130,True,0,0,0,2
4131,True,0,0,0,2
4132,True,0,0,0,2
4133,True,0,0,0,1
4134,True,0,0,0,1
4135,True,0,0,0,0
4136,True,0,0,0,0
4137,True,0,0,0,2
4138,True,0,0,0,0
4139,True,0,0,0,1
4140,True,0,0,0,1
4141,True,0,0,0,0
4142,True,0,0,0,1
4143,True,0,0,0,0
4144,True,0,0,0,1
4145,True,0,0,0,2
4146,True,0,0,0,2
4147,True,0,0,0,0
4148,True,0,0,0,1
4149,True,0,0,0,1
4150,True,0,0,0,1
4151,True,0,0,0,2
4152,True,0,0,0,1
4153,True,0,0,0,0
4154,True,0,0,0,0
4155,True,0,0,0,2
4156,True,0,0,0,1
4157,True,0,0,0,2
4158,True,0,0,0,1
4159,True,0,0,0,0
4160,True,0,0,0,1
4161,True,0,0,0,1
4162,True,0,0,0,1
4163,True,0,0,0,2
4164,True,0,0,0,1
4165,True,0,0,0,1
4166,True,0,0,0,1
4167,True,0,0,0,0
4168,True,0,0,0,1
4169,True,0,0,0,2
4170,True,0,0,0,1
4171,True,0,0,0,1
4172,True,0,0,0,0
4173,True,0,0,0,0
4174,True,0,0,0,1
4175,True,0,0,0,0
4176,True,0,0,0,1
4177,True,0,0,0,2
4178,True,0,0,0,0
4179,True,0,0,0,1
4180,True,0,0,0,1
4181,True,0,0,0,1
4182,True,0,0,0,1
4183,True,0,0,0,1
4184,True,0,0,0,1
4185,True,0,0,0,0
4186,True,0,0,0,1
4187,True,0,0,0,2
4188,True,0,0,0,2
4189,True,0,0,0,0
4190,True,0,0,0,1
4191,True,0,0,0,2
4192,True,0,0,0,2
4193,True,0,0,0,2
4194,True,0,0,0,2
4195,True,0,0,0,1
4196,True,0,0,0,2
4197,True,0,0,0,1
4198,True,0,0,0,1
4199,True,0,0,0,1
4200,True,0,0,0,0
4201,True,0,0,0,2
4202,True,0,0,0,1
4203,True,0,0,0,2
4204,True,0,0,0,1
4205,True,0,0,0,1
4206,True,0,0,0,0
4207,True,0,0,0,0
4208,True,0,0,0,0
4209,True,0,0,0,1
4210,True,0,0,0,1
4211,True,0,0,0,0
4212,True,0,0,0,1
4213,True,0,0,0,1
4214,True,0,0,0,1
4215,True,0,0,0,0
4216,True,0,0,0,1
4217,True,0,0,0,2
4218,True,0,0,0,2
4219,True,0,0,0,0
4220,True,0,0,0,1
4221,True,0,0,0,1
4222,True,0,0,0,1
4223,True,0,0,0,1
4224,True,0,0,0,1
4225,True,0,0,0,1
4226,True,0,0,0,1
4227,True,0,0,0,2
4228,True,0,0,0,0
4229,True,0,0,0,1
4230,True,0,0,0,0
4231,True,0,0,0,2
4232,True,0,0,0,1
4233,True,0,0,0,1
4234,True,0,0,0,1
4235,True,0,0,0,1
4236,True,0,0,0,1
4237,True,0,0,0,1
4238,True,0,0,0,2
4239,True,0,0,0,2
4240,True,0,0,0,1
4241,True,0,0,0,0
4242,True,0,0,0,1
4243,True,0,0,0,2
4244,True,0,0,0,1
4245,True,0,0,0,0
4246,True,0,0,0,0
4247,True,0,0,0,1
4248,True,0,0,0,1
4249,True,0,0,0,0
4250,True,0,0,0,1
4251,True,0,0,0,1
4252,True,0,0,0,0
4253,True,0,0,0,0
4254,True,0,0,0,1
4255,True,0,0,0,2
4256,True,0,0,0,0
4257,True,0,0,0,0
4258,True,0,0,0,1
4259,True,0,0,0,0
4260,True,0,0,0,1
4261,True,0,0,0,2
4262,True,0,0,0,0
4263,True,0,0,0,2
4264,True,0,0,0,1
4265,True,0,0,0,2
4266,True,0,0,0,0
4267,True,0,0,0,1
4268,True,0,0,0,1
4269,True,0,0,0,0
4270,True,0,0,0,2
4271,True,0,0,0,1
4272,True,0,0,0,0
4273,True,0,0,0,0
4274,True,0,0,0,1
4275,True,0,0,0,1
4276,True,0,0,0,1
4277,True,0,0,0,1
4278,True,0,0,0,1
4279,True,0,0,0,1
4280,True,0,0,0,2
4281,True,0,0,0,2
4282,True,0,0,0,0
4283,True,0,0,0,1
4284,True,0,0,0,0
4285,True,0,0,0,0
4286,True,0,0,0,0
4287,True,0,0,0,1
4288,True,0,0,0,2
4289,True,0,0,0,2
4290,True,0,0,0,1
4291,True,0,0,0,2
4292,True,0,0,0,1
4293,True,0,0,0,1
4294,True,0,0,0,1
4295,True,0,0,0,1
4296,True,0,0,0,0
4297,True,0,0,0,0
4298,True,0,0,0,1
4299,True,0,0,0,2
4300,True,0,0,0,1
4301,True,0,0,0,0
4302,True,0,0,0,1
4303,True,0,0,0,1
4304,True,0,0,0,0
4305,True,0,0,0,1
4306,True,0,0,0,1
4307,True,0,0,0,1
4308,True,0,0,0,1
4309,True,0,0,0,2
4310,True,0,0,0,2
4311,True,0,0,0,1
4312,True,0,0,0,0
4313,True,0,0,0,2
4314,True,0,0,0,1
4315,True,0,0,0,1
4316,True,0,0,0,1
4317,True,0,0,0,1
4318,True,0,0,0,1
4319,True,0,0,0,1
4320,True,0,0,0,1
4321,True,0,0,0,0
4322,True,0,0,0,0
4323,True,0,0,0,0
4324,True,0,0,0,2
4325,True,0,0,0,0
4326,True,0,0,0,2
4327,True,0,0,0,1
4328,True,0,0,0,1
4329,True,0,0,0,2
4330,True,0,0,0,1
4331,True,0,0,0,2
4332,True,0,0,0,2
4333,True,0,0,0,0
4334,True,0,0,0,1
4335,True,0,0,0,2
4336,True,0,0,0,2
4337,True,0,0,0,0
4338,True,0,0,0,0
4339,True,0,0,0,0
4340,True,0,0,0,2
4341,True,0,0,0,2
4342,True,0,0,0,1
4343,True,0,0,0,2
4344,True,0,0,0,2
4345,True,0,0,0,1
4346,True,0,0,0,1
4347,True,0,0,0,0
4348,True,0,0,0,0
4349,True,0,0,0,1
4350,True,0,0,0,0
4351,True,0,0,0,1
4352,True,0,0,0,1
4353,True,0,0,0,0
4354,True,0,0,0,0
4355,True,0,0,0,0
4356,True,0,0,0,1
4357,True,0,0,0,0
4358,True,0,0,0,2
4359,True,0,0,0,2
4360,True,0,0,0,0
4361,True,0,0,0,1
4362,True,0,0,0,0
4363,True,0,0,0,1
4364,True,0,0,0,2
4365,True,0,0,0,0
4366,True,0,0,0,2
4367,True,0,0,0,1
4368,True,0,0,0,0
4369,True,0,0,0,0
4370,True,0,0,0,1
4371,True,0,0,0,2
4372,True,0,0,0,1
4373,True,0,0,0,0
4374,True,0,0,0,0
4375,True,0,0,0,0
4376,True,0,0,0,1
4377,True,0,0,0,1
4378,True,0,0,0,2
4379,True,0,0,0,0
4380,True,0,0,0,0
4381,True,0,0,0,1
4382,True,0,0,0,1
4383,True,0,0,0,1
4384,True,0,0,0,1
4385,True,0,0,0,0
4386,True,0,0,0,2
4387,True,0,0,0,1
4388,True,0,0,0,0
4389,True,0,0,0,2
4390,True,0,0,0,0
4391,True,0,0,0,0
4392,True,0,0,0,1
4393,True,0,0,0,0
4394,True,0,0,0,1
4395,True,0,0,0,1
4396,True,0,0,0,1
4397,True,0,0,0,2
4398,True,0,0,0,2
4399,True,0,0,0,0
4400,True,0,0,0,2
4401,True,0,0,0,1
4402,True,0,0,0,0
4403,True,0,0,0,0
4404,True,0,0,0,1
4405,True,0,0,0,0
4406,True,0,0,0,0
4407,True,0,0,0,1
4408,True,0,0,0,1
4409,True,0,0,0,0
4410,True,0,0,0,0
4411,True,0,0,0,1
4412,True,0,0,0,2
4413,True,0,0,0,1
4414,True,0,0,0,1
4415,True,0,0,0,2
4416,True,0,0,0,1
4417,True,0,0,0,1
4418,True,0,0,0,1
4419,True,0,0,0,1
4420,True,0,0,0,0
4421,True,0,0,0,1
4422,True,0,0,0,1
4423,True,0,0,0,2
4424,True,0,0,0,0
4425,True,0,0,0,2
4426,True,0,0,0,2
4427,True,0,0,0,2
4428,True,0,0,0,1
4429,True,0,0,0,1
4430,True,0,0,0,1
4431,True,0,0,0,0
4432,True,0,0,0,1
4433,True,0,0,0,0
4434,True,0,0,0,2
4435,True,0,0,0,0
4436,True,0,0,0,1
4437,True,0,0,0,1
4438,True,0,0,0,0
4439,True,0,0,0,0
4440,True,0,0,0,1
4441,True,0,0,0,2
4442,True,0,0,0,1
4443,True,0,0,0,1
4444,True,0,0,0,1
4445,True,0,0,0,2
4446,True,0,0,0,0
4447,True,0,0,0,1
4448,True,0,0,0,1
4449,True,0,0,0,1
4450,True,0,0,0,1
4451,True,0,0,0,2
4452,True,0,0,0,2
4453,True,0,0,0,1
4454,True,0,0,0,0
4455,True,0,0,0,0
4456,True,0,0,0,0
4457,True,0,0,0,2
4458,True,0,0,0,1
4459,True,0,0,0,0
4460,True,0,0,0,0
4461,True,0,0,0,2
4462,True,0,0,0,0
4463,True,0,0,0,0
4464,True,0,0,0,1
4465,True,0,0,0,1
4466,True,0,0,0,1
4467,True,0,0,0,1
4468,True,0,0,0,1
4469,True,0,0,0,0
4470,True,0,0,0,1
4471,True,0,0,0,1
4472,True,0,0,0,1
4473,True,0,0,0,0
4474,True,0,0,0,2
4475,True,0,0,0,1
4476,True,0,0,0,2
4477,True,0,0,0,1
4478,True,0,0,0,1
4479,True,0,0,0,1
4480,True,0,0,0,1
4481,True,0,0,0,1
4482,True,0,0,0,1
4483,True,0,0,0,0
4484,True,0,0,0,0
4485,True,0,0,0,1
4486,True,0,0,0,1
4487,True,0,0,0,0
4488,True,0,0,0,1
4489,True,0,0,0,1
4490,True,0,0,0,1
4491,True,0,0,0,2
4492,True,0,0,0,1
4493,True,0,0,0,0
4494,True,0,0,0,1
4495,True,0,0,0,0
4496,True,0,0,0,1
4497,True,0,0,0,1
4498,True,0,0,0,2
4499,True,0,0,0,1
4500,True,0,0,0,1
4501,True,0,0,0,1
4502,True,0,0,0,1
4503,True,0,0,0,1
4504,True,0,0,0,0
4505,True,0,0,0,0
4506,True,0,0,0,2
4507,True,0,0,0,1
4508,True,0,0,0,1
4509,True,0,0,0,1
4510,True,0,0,0,0
4511,True,0,0,0,2
4512,True,0,0,0,2
4513,True,0,0,0,0
4514,True,0,0,0,1
4515,True,0,0,0,0
4516,True,0,0,0,0
4517,True,0,0,0,1
4518,True,0,0,0,1
4519,True,0,0,0,0
4520,True,0,0,0,0
4521,True,0,0,0,1
4522,True,0,0,0,1
4523,True,0,0,0,2
4524,True,0,0,0,1
4525,True,0,0,0,0
4526,True,0,0,0,2
4527,True,0,0,0,0
4528,True,0,0,0,1
4529,True,0,0,0,1
4530,True,0,0,0,2
4531,True,0,0,0,1
4532,True,0,0,0,1
4533,True,0,0,0,0
4534,True,0,0,0,0
4535,True,0,0,0,1
4536,True,0,0,0,2
4537,True,0,0,0,1
4538,True,0,0,0,2
4539,True,0,0,0,1
4540,True,0,0,0,0
4541,True,0,0,0,2
4542,True,0,0,0,1
4543,True,0,0,0,0
4544,True,0,0,0,1
4545,True,0,0,0,0
4546,True,0,0,0,2
4547,True,0,0,0,0
4548,True,0,0,0,0
4549,True,0,0,0,2
4550,True,0,0,0,0
4551,True,0,0,0,0
4552,True,0,0,0,2
4553,True,0,0,0,2
4554,True,0,0,0,1
4555,True,0,0,0,1
4556,True,0,0,0,1
4557,True,0,0,0,1
4558,True,0,0,0,1
4559,True,0,0,0,2
4560,True,0,0,0,0
4561,True,0,0,0,0
4562,True,0,0,0,0
4563,True,0,0,0,1
4564,True,0,0,0,1
4565,True,0,0,0,1
4566,True,0,0,0,1
4567,True,0,0,0,2
4568,True,0,0,0,2
4569,True,0,0,0,0
4570,True,0,0,0,2
4571,True,0,0,0,0
4572,True,0,0,0,1
4573,True,0,0,0,0
4574,True,0,0,0,1
4575,True,0,0,0,2
4576,True,0,0,0,2
4577,True,0,0,0,0
4578,True,0,0,0,2
4579,True,0,0,0,0
4580,True,0,0,0,1
4581,True,0,0,0,0
4582,True,0,0,0,1
4583,True,0,0,0,2
4584,True,0,0,0,2
4585,True,0,0,0,0
4586,True,0,0,0,0
4587,True,0,0,0,1
4588,True,0,0,0,2
4589,True,0,0,0,1
4590,True,0,0,0,2
4591,True,0,0,0,0
4592,True,0,0,0,2
4593,True,0,0,0,1
4594,True,0,0,0,2
4595,True,0,0,0,0
4596,True,0,0,0,1
4597,True,0,0,0,2
4598,True,0,0,0,1
4599,True,0,0,0,2
4600,True,0,0,0,0
4601,True,0,0,0,1
4602,True,0,0,0,2
4603,True,0,0,0,1
4604,True,0,0,0,1
4605,True,0,0,0,1
4606,True,0,0,0,1
4607,True,0,0,0,1
4608,True,0,0,0,2
4609,True,0,0,0,1
4610,True,0,0,0,2
4611,True,0,0,0,1
4612,True,0,0,0,1
4613,True,0,0,0,2
4614,True,0,0,0,0
4615,True,0,0,0,2
4616,True,0,0,0,0
4617,True,0,0,0,1
4618,True,0,0,0,2
4619,True,0,0,0,0
4620,True,0,0,0,2
4621,True,0,0,0,0
4622,True,0,0,0,1
4623,True,0,0,0,2
4624,True,0,0,0,1
4625,True,0,0,0,0
4626,True,0,0,0,2
4627,True,0,0,0,1
4628,True,0,0,0,0
4629,True,0,0,0,1
4630,True,0,0,0,2
4631,True,0,0,0,2
4632,True,0,0,0,0
4633,True,0,0,0,1
4634,True,0,0,0,2
4635,True,0,0,0,2
4636,True,0,0,0,1
4637,True,0,0,0,1
4638,True,0,0,0,1
4639,True,0,0,0,1
4640,True,0,0,0,0
4641,True,0,0,0,0
4642,True,0,0,0,1
4643,True,0,0,0,1
4644,True,0,0,0,2
4645,True,0,0,0,1
4646,True,0,0,0,1
4647,True,0,0,0,1
4648,True,0,0,0,0
4649,True,0,0,0,0
4650,True,0,0,0,0
4651,True,0,0,0,1
4652,True,0,0,0,1
4653,True,0,0,0,2
4654,True,0,0,0,1
4655,True,0,0,0,0
4656,True,0,0,0,1
4657,True,0,0,0,0
4658,True,0,0,0,2
4659,True,0,0,0,2
4660,True,0,0,0,2
4661,True,0,0,0,1
4662,True,0,0,0,0
4663,True,0,0,0,1
4664,True,0,0,0,0
4665,True,0,0,0,2
4666,True,0,0,0,0
4667,True,0,0,0,2
4668,True,0,0,0,0
4669,True,0,0,0,1
4670,True,0,0,0,0
4671,True,0,0,0,0
4672,True,0,0,0,1
4673,True,0,0,0,1
4674,True,0,0,0,2
4675,True,0,0,0,1
4676,True,0,0,0,0
4677,True,0,0,0,0
4678,True,0,0,0,2
4679,True,0,0,0,1
4680,True,0,0,0,2
4681,True,0,0,0,0
4682,True,0,0,0,1
4683,True,0,0,0,2
4684,True,0,0,0,0
4685,True,0,0,0,2
4686,True,0,0,0,1
4687,True,0,0,0,1
4688,True,0,0,0,2
4689,True,0,0,0,1
4690,True,0,0,0,2
4691,True,0,0,0,1
4692,True,0,0,0,2
4693,True,0,0,0,1
4694,True,0,0,0,0
4695,True,0,0,0,1
4696,True,0,0,0,1
4697,True,0,0,0,0
4698,True,0,0,0,1
4699,True,0,0,0,1
4700,True,0,0,0,1
4701,True,0,0,0,2
4702,True,0,0,0,2
4703,True,0,0,0,1
4704,True,0,0,0,1
4705,True,0,0,0,1
4706,True,0,0,0,0
4707,True,0,0,0,0
4708,True,0,0,0,0
4709,True,0,0,0,0
4710,True,0,0,0,2
4711,True,0,0,0,1
4712,True,0,0,0,1
4713,True,0,0,0,0
4714,True,0,0,0,0
4715,True,0,0,0,1
4716,True,0,0,0,1
4717,True,0,0,0,1
4718,True,0,0,0,2
4719,True,0,0,0,2
4720,True,0,0,0,1
4721,True,0,0,0,1
4722,True,0,0,0,0
4723,True,0,0,0,1
4724,True,0,0,0,1
4725,True,0,0,0,1
4726,True,0,0,0,1
4727,True,0,0,0,1
4728,True,0,0,0,2
4729,True,0,0,0,1
4730,True,0,0,0,1
4731,True,0,0,0,1
4732,True,0,0,0,2
4733,True,0,0,0,2
4734,True,0,0,0,1
4735,True,0,0,0,1
4736,True,0,0,0,1
4737,True,0,0,0,1
4738,True,0,0,0,1
4739,True,0,0,0,0
4740,True,0,0,0,0
4741,True,0,0,0,1
4742,True,0,0,0,0
4743,True,0,0,0,1
4744,True,0,0,0,2
4745,True,0,0,0,0
4746,True,0,0,0,2
4747,True,0,0,0,2
4748,True,0,0,0,0
4749,True,0,0,0,1
4750,True,0,0,0,1
4751,True,0,0,0,1
4752,True,0,0,0,2
4753,True,0,0,0,1
4754,True,0,0,0,2
4755,True,0,0,0,1
4756,True,0,0,0,1
4757,True,0,0,0,2
4758,True,0,0,0,1
4759,True,0,0,0,1
4760,True,0,0,0,1
4761,True,0,0,0,2
4762,True,0,0,0,0
4763,True,0,0,0,2
4764,True,0,0,0,2
4765,True,0,0,0,1
4766,True,0,0,0,1
4767,True,0,0,0,1
4768,True,0,0,0,0
4769,True,0,0,0,2
4770,True,0,0,0,0
4771,True,0,0,0,0
4772,True,0,0,0,2
4773,True,0,0,0,2
4774,True,0,0,0,1
4775,True,0,0,0,1
4776,True,0,0,0,2
4777,True,0,0,0,2
4778,True,0,0,0,2
4779,True,0,0,0,1
4780,True,0,0,0,1
4781,True,0,0,0,0
4782,True,0,0,0,2
4783,True,0,0,0,1
4784,True,0,0,0,2
4785,True,0,0,0,2
4786,True,0,0,0,1
4787,True,0,0,0,0
4788,True,0,0,0,1
4789,True,0,0,0,1
4790,True,0,0,0,1
4791,True,0,0,0,1
4792,True,0,0,0,1
4793,True,0,0,0,1
4794,True,0,0,0,0
4795,True,0,0,0,2
4796,True,0,0,0,1
4797,True,0,0,0,2
4798,True,0,0,0,0
4799,True,0,0,0,0
4800,True,0,0,0,0
4801,True,0,0,0,1
4802,True,0,0,0,0
4803,True,0,0,0,0
4804,True,0,0,0,0
4805,True,0,0,0,2
4806,True,0,0,0,2
4807,True,0,0,0,1
4808,True,0,0,0,2
4809,True,0,0,0,1
4810,True,0,0,0,1
4811,True,0,0,0,1
4812,True,0,0,0,1
4813,True,0,0,0,0
4814,True,0,0,0,1
4815,True,0,0,0,1
4816,True,0,0,0,2
4817,True,0,0,0,1
4818,True,0,0,0,2
4819,True,0,0,0,1
4820,True,0,0,0,0
4821,True,0,0,0,1
4822,True,0,0,0,2
4823,True,0,0,0,2
4824,True,0,0,0,1
4825,True,0,0,0,0
4826,True,0,0,0,1
4827,True,0,0,0,0
4828,True,0,0,0,0
4829,True,0,0,0,1
4830,True,0,0,0,1
4831,True,0,0,0,2
4832,True,0,0,0,1
4833,True,0,0,0,1
4834,True,0,0,0,1
4835,True,0,0,0,1
4836,True,0,0,0,1
4837,True,0,0,0,0
4838,True,0,0,0,0
4839,True,0,0,0,1
4840,True,0,0,0,2
4841,True,0,0,0,1
4842,True,0,0,0,0
4843,True,0,0,0,1
4844,True,0,0,0,1
4845,True,0,0,0,0
4846,True,0,0,0,0
4847,True,0,0,0,1
4848,True,0,0,0,2
4849,True,0,0,0,1
4850,True,0,0,0,0
4851,True,0,0,0,0
4852,True,0,0,0,2
4853,True,0,0,0,1
4854,True,0,0,0,1
4855,True,0,0,0,2
4856,True,0,0,0,1
4857,True,0,0,0,1
4858,True,0,0,0,1
4859,True,0,0,0,0
4860,True,0,0,0,1
4861,True,0,0,0,0
4862,True,0,0,0,1
4863,True,0,0,0,1
4864,True,0,0,0,2
4865,True,0,0,0,2
4866,True,0,0,0,0
4867,True,0,0,0,1
4868,True,0,0,0,2
4869,True,0,0,0,2
4870,True,0,0,0,1
4871,True,0,0,0,1
4872,True,0,0,0,1
4873,True,0,0,0,1
4874,True,0,0,0,1
4875,True,0,0,0,1
4876,True,0,0,0,1
4877,True,0,0,0,1
4878,True,0,0,0,1
4879,True,0,0,0,2
4880,True,0,0,0,0
4881,True,0,0,0,1
4882,True,0,0,0,0
4883,True,0,0,0,1
4884,True,0,0,0,1
4885,True,0,0,0,1
4886,True,0,0,0,2
4887,True,0,0,0,0
4888,True,0,0,0,1
4889,True,0,0,0,2
4890,True,0,0,0,0
4891,True,0,0,0,2
4892,True,0,0,0,1
4893,True,0,0,0,0
4894,True,0,0,0,1
4895,True,0,0,0,2
4896,True,0,0,0,2
4897,True,0,0,0,1
4898,True,0,0,0,0
4899,True,0,0,0,2
4900,True,0,0,0,1
4901,True,0,0,0,2
4902,True,0,0,0,0
4903,True,0,0,0,2
4904,True,0,0,0,2
4905,True,0,0,0,1
4906,True,0,0,0,2
4907,True,0,0,0,0
4908,True,0,0,0,1
4909,True,0,0,0,1
4910,True,0,0,0,1
4911,True,0,0,0,2
4912,True,0,0,0,1
4913,True,0,0,0,0
4914,True,0,0,0,2
4915,True,0,0,0,0
4916,True,0,0,0,1
4917,True,0,0,0,2
4918,True,0,0,0,2
4919,True,0,0,0,0
4920,True,0,0,0,1
4921,True,0,0,0,1
4922,True,0,0,0,2
4923,True,0,0,0,2
4924,True,0,0,0,2
4925,True,0,0,0,0
4926,True,0,0,0,1
4927,True,0,0,0,0
4928,True,0,0,0,1
4929,True,0,0,0,1
4930,True,0,0,0,0
4931,True,0,0,0,1
4932,True,0,0,0,1
4933,True,0,0,0,0
4934,True,0,0,0,1
4935,True,0,0,0,0
4936,True,0,0,0,2
4937,True,0,0,0,2
4938,True,0,0,0,1
4939,True,0,0,0,0
4940,True,0,0,0,0
4941,True,0,0,0,1
4942,True,0,0,0,2
4943,True,0,0,0,2
4944,True,0,0,0,2
4945,True,0,0,0,1
4946,True,0,0,0,0
4947,True,0,0,0,1
4948,True,0,0,0,2
4949,True,0,0,0,1
4950,True,0,0,0,2
4951,True,0,0,0,1
4952,True,0,0,0,1
4953,True,0,0,0,2
4954,True,0,0,0,2
4955,True,0,0,0,1
4956,True,0,0,0,1
4957,True,0,0,0,0
4958,True,0,0,0,2
4959,True,0,0,0,1
4960,True,0,0,0,1
4961,True,0,0,0,1
4962,True,0,0,0,2
4963,True,0,0,0,0
4964,True,0,0,0,2
4965,True,0,0,0,1
4966,True,0,0,0,1
4967,True,0,0,0,2
4968,True,0,0,0,2
4969,True,0,0,0,1
4970,True,0,0,0,1
4971,True,0,0,0,1
4972,True,0,0,0,0
4973,True,0,0,0,0
4974,True,0,0,0,1
4975,True,0,0,0,0
4976,True,0,0,0,1
4977,True,0,0,0,1
4978,True,0,0,0,0
4979,True,0,0,0,1
4980,True,0,0,0,1
4981,True,0,0,0,1
4982,True,0,0,0,1
4983,True,0,0,0,1
4984,True,0,0,0,0
4985,True,0,0,0,2
4986,True,0,0,0,1
4987,True,0,0,0,2
4988,True,0,0,0,1
4989,True,0,0,0,2
4990,True,0,0,0,2
4991,True,0,0,0,1
4992,True,0,0,0,1
4993,True,0,0,0,1
4994,True,0,0,0,0
4995,True,0,0,0,2
4996,True,0,0,0,1
4997,True,0,0,0,1
4998,True,0,0,0,1
4999,True,0,0,0,0
5000,True,0,0,0,0
